,Fecha,Hora,Lectura Real,Lectura_prevista,Lectura_programada,Eolica,Nuclear,Fuel/Gas,Carbon,Ciclo Combinado,Hidraulica,Intercambios,Enlace Balear,Solar Fotovoltaica,Solar Termica,Termica Renovable,Cogeneracion y Residuos,Emisiones Carbon,Emisiones Ciclo Combinado,Emisiones Cogeneracion y Residuos
0,2021-11-03,00:00,23.962,24.424,23.846,,,,,,,,,,,,,649,2.009,898
1,2021-11-03,00:10,24.786,24.229,23.846,,,,,,,,,,,,,637,1.761,889
2,2021-11-03,00:20,24.465,24.035,23.846,,,,,,,,,,,,,632,1.664,886
3,2021-11-03,00:30,24.462,23.844,23.846,,,,,,,,,,,,,634,1.702,889
4,2021-11-03,00:40,24.038,23.655,23.846,,,,,,,,,,,,,642,1.703,882
5,2021-11-03,00:50,23.687,23.469,23.846,,,,,,,,,,,,,639,1.684,880
6,2021-11-03,01:00,23.518,23.284,22.850,,,,,,,,,,,,,640,1.683,880
7,2021-11-03,01:10,23.226,23.109,22.850,,,,,,,,,,,,,609,1.732,879
8,2021-11-03,01:20,23.141,22.947,22.850,,,,,,,,,,,,,614,1.674,877
9,2021-11-03,01:30,23.074,22.799,22.850,,,,,,,,,,,,,621,1.662,878
10,2021-11-03,01:40,22.906,22.666,22.850,,,,,,,,,,,,,609,1.674,881
11,2021-11-03,01:50,22.657,22.547,22.850,,,,,,,,,,,,,604,1.617,881
12,2021-11-03,02:00,22.695,22.442,22.131,,,,,,,,,,,,,581,1.607,878
13,2021-11-03,02:10,22.235,22.346,22.131,,,,,,,,,,,,,541,1.555,875
14,2021-11-03,02:20,22.220,22.253,22.131,,,,,,,,,,,,,533,1.498,876
15,2021-11-03,02:30,22.162,22.165,22.131,,,,,,,,,,,,,541,1.504,878
16,2021-11-03,02:40,21.929,22.080,22.131,,,,,,,,,,,,,536,1.482,878
17,2021-11-03,02:50,22.127,21.999,22.131,,,,,,,,,,,,,534,1.463,878
18,2021-11-03,03:00,22.094,21.922,21.573,,,,,,,,,,,,,517,1.507,877
19,2021-11-03,03:10,21.708,21.858,21.573,,,,,,,,,,,,,523,1.534,873
20,2021-11-03,03:20,21.929,21.816,21.573,,,,,,,,,,,,,508,1.595,872
21,2021-11-03,03:30,21.801,21.797,21.573,,,,,,,,,,,,,508,1.573,870
22,2021-11-03,03:40,22.090,21.800,21.573,,,,,,,,,,,,,516,1.655,869
23,2021-11-03,03:50,21.817,21.825,21.573,,,,,,,,,,,,,517,1.587,869
24,2021-11-03,04:00,22.017,21.873,21.548,,,,,,,,,,,,,561,1.687,870
25,2021-11-03,04:10,21.836,21.926,21.548,,,,,,,,,,,,,597,1.775,870
26,2021-11-03,04:20,21.958,21.968,21.548,,,,,,,,,,,,,624,1.783,865
27,2021-11-03,04:30,21.689,22.000,21.548,,,,,,,,,,,,,613,1.769,870
28,2021-11-03,04:40,21.851,22.020,21.548,,,,,,,,,,,,,618,1.748,870
29,2021-11-03,04:50,21.734,22.030,21.548,,,,,,,,,,,,,608,1.667,868
30,2021-11-03,05:00,22.105,22.029,22.492,,,,,,,,,,,,,651,1.800,870
31,2021-11-03,05:10,22.042,22.060,22.492,,,,,,,,,,,,,639,1.703,864
32,2021-11-03,05:20,22.210,22.167,22.492,,,,,,,,,,,,,625,1.644,869
33,2021-11-03,05:30,22.170,22.349,22.492,,,,,,,,,,,,,656,1.645,869
34,2021-11-03,05:40,22.344,22.608,22.492,,,,,,,,,,,,,658,1.637,871
35,2021-11-03,05:50,22.714,22.943,22.492,,,,,,,,,,,,,650,1.701,873
36,2021-11-03,06:00,22.967,23.354,24.518,,,,,,,,,,,,,679,1.771,876
37,2021-11-03,06:10,23.775,23.808,24.518,,,,,,,,,,,,,686,1.799,873
38,2021-11-03,06:20,24.226,24.271,24.518,,,,,,,,,,,,,682,1.880,870
39,2021-11-03,06:30,24.253,24.744,24.518,,,,,,,,,,,,,684,1.910,872
40,2021-11-03,06:40,24.883,25.227,24.518,,,,,,,,,,,,,686,2.106,871
41,2021-11-03,06:50,25.472,25.720,24.518,,,,,,,,,,,,,694,2.159,876
42,2021-11-03,07:00,26.157,26.224,27.820,,,,,,,,,,,,,713,2.187,874
43,2021-11-03,07:10,27.279,26.716,27.820,,,,,,,,,,,,,731,2.121,860
44,2021-11-03,07:20,27.834,27.178,27.820,,,,,,,,,,,,,737,2.179,857
45,2021-11-03,07:30,28.063,27.608,27.820,,,,,,,,,,,,,753,2.198,863
46,2021-11-03,07:40,28.185,28.008,27.820,,,,,,,,,,,,,770,2.208,867
47,2021-11-03,07:50,28.218,28.377,27.820,,,,,,,,,,,,,772,2.192,872
48,2021-11-03,08:00,28.304,28.716,29.433,,,,,,,,,,,,,790,2.230,869
49,2021-11-03,08:10,28.767,29.017,29.433,,,,,,,,,,,,,796,2.313,874
50,2021-11-03,08:20,29.165,29.276,29.433,,,,,,,,,,,,,797,2.326,864
51,2021-11-03,08:30,29.242,29.491,29.433,,,,,,,,,,,,,799,2.290,870
52,2021-11-03,08:40,29.605,29.665,29.433,,,,,,,,,,,,,799,2.214,864
53,2021-11-03,08:50,29.651,29.795,29.433,,,,,,,,,,,,,797,2.184,867
54,2021-11-03,09:00,29.581,29.883,29.764,,,,,,,,,,,,,790,2.211,855
55,2021-11-03,09:10,29.838,29.946,29.764,,,,,,,,,,,,,788,2.301,860
56,2021-11-03,09:20,29.896,30.001,29.764,,,,,,,,,,,,,787,2.295,865
57,2021-11-03,09:30,29.878,30.049,29.764,,,,,,,,,,,,,777,2.235,863
58,2021-11-03,09:40,29.819,30.090,29.764,,,,,,,,,,,,,770,2.038,866
59,2021-11-03,09:50,30.172,30.124,29.764,,,,,,,,,,,,,762,2.041,867
60,2021-11-03,10:00,29.962,30.151,29.666,,,,,,,,,,,,,762,1.951,865
61,2021-11-03,10:10,30.014,30.173,29.666,,,,,,,,,,,,,757,2.160,860
62,2021-11-03,10:20,30.229,30.195,29.666,,,,,,,,,,,,,725,2.098,866
63,2021-11-03,10:30,30.250,30.217,29.666,,,,,,,,,,,,,731,1.962,866
64,2021-11-03,10:40,30.207,30.238,29.666,,,,,,,,,,,,,725,1.914,865
65,2021-11-03,10:50,30.221,30.259,29.666,,,,,,,,,,,,,727,1.872,863
66,2021-11-03,11:00,30.151,30.280,30.086,,,,,,,,,,,,,726,1.737,865
67,2021-11-03,11:10,30.248,30.301,30.086,,,,,,,,,,,,,706,1.801,871
68,2021-11-03,11:20,30.329,30.326,30.086,,,,,,,,,,,,,689,1.828,873
69,2021-11-03,11:30,30.169,30.354,30.086,,,,,,,,,,,,,688,1.797,874
70,2021-11-03,11:40,30.116,30.385,30.086,,,,,,,,,,,,,688,1.759,872
71,2021-11-03,11:50,30.396,30.419,30.086,,,,,,,,,,,,,689,1.710,867
72,2021-11-03,12:00,30.386,30.455,30.529,,,,,,,,,,,,,689,1.778,871
73,2021-11-03,12:10,30.372,30.496,30.529,,,,,,,,,,,,,689,1.839,869
74,2021-11-03,12:20,30.642,30.542,30.529,,,,,,,,,,,,,688,1.826,864
75,2021-11-03,12:30,30.705,30.592,30.529,,,,,,,,,,,,,688,1.806,867
76,2021-11-03,12:40,30.841,30.647,30.529,,,,,,,,,,,,,688,1.864,867
77,2021-11-03,12:50,30.916,30.707,30.529,,,,,,,,,,,,,689,1.924,868
78,2021-11-03,13:00,30.844,30.772,30.798,,,,,,,,,,,,,689,1.977,865
79,2021-11-03,13:10,30.750,30.821,30.798,,,,,,,,,,,,,689,2.163,858
80,2021-11-03,13:20,30.757,30.832,30.798,,,,,,,,,,,,,714,2.177,849
81,2021-11-03,13:30,30.872,30.806,30.798,,,,,,,,,,,,,716,2.149,852
82,2021-11-03,13:40,30.816,30.742,30.798,,,,,,,,,,,,,717,2.142,847
83,2021-11-03,13:50,30.601,30.641,30.798,,,,,,,,,,,,,716,2.068,845
84,2021-11-03,14:00,30.374,30.502,30.109,,,,,,,,,,,,,716,1.927,843
85,2021-11-03,14:10,30.683,30.355,30.109,,,,,,,,,,,,,716,1.943,847
86,2021-11-03,14:20,30.651,30.230,30.109,,,,,,,,,,,,,698,1.952,845
87,2021-11-03,14:30,30.516,30.124,30.109,,,,,,,,,,,,,692,1.927,846
88,2021-11-03,14:40,30.461,30.040,30.109,,,,,,,,,,,,,691,1.864,847
89,2021-11-03,14:50,30.392,29.976,30.109,,,,,,,,,,,,,691,1.803,845
90,2021-11-03,15:00,29.766,29.934,29.717,,,,,,,,,,,,,690,1.695,844
91,2021-11-03,15:10,30.103,29.895,29.717,,,,,,,,,,,,,692,1.692,850
92,2021-11-03,15:20,29.565,29.842,29.717,,,,,,,,,,,,,692,1.715,846
93,2021-11-03,15:30,29.742,29.776,29.717,,,,,,,,,,,,,693,1.721,839
94,2021-11-03,15:40,29.491,29.696,29.717,,,,,,,,,,,,,691,1.669,839
95,2021-11-03,15:50,29.678,29.603,29.717,,,,,,,,,,,,,692,1.724,842
96,2021-11-03,16:00,29.424,29.496,29.433,,,,,,,,,,,,,692,1.725,846
97,2021-11-03,16:10,29.692,29.393,29.433,,,,,,,,,,,,,693,1.799,839
98,2021-11-03,16:20,29.545,29.309,29.433,,,,,,,,,,,,,691,1.936,842
99,2021-11-03,16:30,29.096,29.246,29.433,,,,,,,,,,,,,690,2.013,833
100,2021-11-03,16:40,29.213,29.202,29.433,,,,,,,,,,,,,691,2.245,850
101,2021-11-03,16:50,29.128,29.179,29.433,,,,,,,,,,,,,692,2.327,853
102,2021-11-03,17:00,29.067,29.175,29.449,,,,,,,,,,,,,693,2.432,861
103,2021-11-03,17:10,29.307,29.205,29.449,,,,,,,,,,,,,692,2.438,870
104,2021-11-03,17:20,29.358,29.282,29.449,,,,,,,,,,,,,692,2.650,872
105,2021-11-03,17:30,29.221,29.407,29.449,,,,,,,,,,,,,703,2.869,867
106,2021-11-03,17:40,29.551,29.578,29.449,,,,,,,,,,,,,719,2.986,881
107,2021-11-03,17:50,29.489,29.797,29.449,,,,,,,,,,,,,735,3.068,881
108,2021-11-03,18:00,29.470,30.063,31.007,,,,,,,,,,,,,735,3.082,888
109,2021-11-03,18:10,29.910,30.341,31.007,,,,,,,,,,,,,736,3.003,893
110,2021-11-03,18:20,30.275,30.595,31.007,,,,,,,,,,,,,738,3.059,891
111,2021-11-03,18:30,30.746,30.826,31.007,,,,,,,,,,,,,759,3.192,897
112,2021-11-03,18:40,31.051,31.034,31.007,,,,,,,,,,,,,773,3.330,902
113,2021-11-03,18:50,31.277,31.219,31.007,,,,,,,,,,,,,786,3.440,904
114,2021-11-03,19:00,31.258,31.380,31.923,,,,,,,,,,,,,786,3.322,902
115,2021-11-03,19:10,31.621,31.523,31.923,,,,,,,,,,,,,788,3.343,905
116,2021-11-03,19:20,31.844,31.652,31.923,,,,,,,,,,,,,785,3.377,902
117,2021-11-03,19:30,31.812,31.766,31.923,,,,,,,,,,,,,784,3.404,901
118,2021-11-03,19:40,31.788,31.867,31.923,,,,,,,,,,,,,784,3.421,901
119,2021-11-03,19:50,31.743,31.954,31.923,,,,,,,,,,,,,786,3.403,910
120,2021-11-03,20:00,31.827,32.027,31.864,,,,,,,,,,,,,785,3.381,911
121,2021-11-03,20:10,31.899,32.069,31.864,,,,,,,,,,,,,785,3.279,908
122,2021-11-03,20:20,32.183,32.064,31.864,,,,,,,,,,,,,785,3.272,911
123,2021-11-03,20:30,32.128,32.012,31.864,,,,,,,,,,,,,786,3.347,914
124,2021-11-03,20:40,32.224,31.912,31.864,,,,,,,,,,,,,802,3.387,907
125,2021-11-03,20:50,31.972,31.765,31.864,,,,,,,,,,,,,786,3.392,906
126,2021-11-03,21:00,31.778,31.568,31.007,,,,,,,,,,,,,778,3.425,905
127,2021-11-03,21:10,31.643,31.331,31.007,,,,,,,,,,,,,786,3.462,905
128,2021-11-03,21:20,31.499,31.057,31.007,,,,,,,,,,,,,785,3.461,909
129,2021-11-03,21:30,30.986,30.744,31.007,,,,,,,,,,,,,785,3.394,908
130,2021-11-03,21:40,30.443,30.393,31.007,,,,,,,,,,,,,786,3.339,906
131,2021-11-03,21:50,30.059,30.004,31.007,,,,,,,,,,,,,785,3.329,906
132,2021-11-03,22:00,29.317,29.577,28.192,,,,,,,,,,,,,785,3.256,907
133,2021-11-03,22:10,28.910,29.129,28.192,,,,,,,,,,,,,784,3.255,910
134,2021-11-03,22:20,28.265,28.680,28.192,,,,,,,,,,,,,785,3.164,912
135,2021-11-03,22:30,27.989,28.228,28.192,,,,,,,,,,,,,784,3.080,911
136,2021-11-03,22:40,27.532,27.773,28.192,,,,,,,,,,,,,785,3.070,913
137,2021-11-03,22:50,27.316,27.316,28.192,,,,,,,,,,,,,786,2.967,913
138,2021-11-03,23:00,26.750,26.856,25.830,,,,,,,,,,,,,784,2.891,913
139,2021-11-03,23:10,26.308,26.423,25.830,,,,,,,,,,,,,785,2.947,906
140,2021-11-03,23:20,26.222,26.046,25.830,,,,,,,,,,,,,785,2.958,908
141,2021-11-03,23:30,25.899,25.724,25.830,,,,,,,,,,,,,786,2.922,909
142,2021-11-03,23:40,25.461,25.459,25.830,,,,,,,,,,,,,786,2.898,907
143,2021-11-03,23:50,25.156,25.249,25.830,,,,,,,,,,,,,785,2.825,907
144,2021-11-02,00:00,22.104,22.280,22.013,,,,,,,,,,,,,318,837,780
145,2021-11-02,00:10,22.273,22.261,22.013,,,,,,,,,,,,,305,913,760
146,2021-11-02,00:20,21.982,22.190,22.013,,,,,,,,,,,,,294,988,759
147,2021-11-02,00:30,21.684,22.068,22.013,,,,,,,,,,,,,273,902,758
148,2021-11-02,00:40,21.394,21.894,22.013,,,,,,,,,,,,,274,841,759
149,2021-11-02,00:50,21.281,21.669,22.013,,,,,,,,,,,,,280,878,759
150,2021-11-02,01:00,20.752,21.392,20.680,,,,,,,,,,,,,273,977,755
151,2021-11-02,01:10,20.798,21.111,20.680,,,,,,,,,,,,,275,936,747
152,2021-11-02,01:20,20.839,20.869,20.680,,,,,,,,,,,,,275,937,750
153,2021-11-02,01:30,20.581,20.668,20.680,,,,,,,,,,,,,275,874,746
154,2021-11-02,01:40,20.348,20.507,20.680,13.677,5.953,,289,2.297,-641,-4.712,-50,5,,584,2.643,275,850,740
155,2021-11-02,01:50,20.214,20.387,20.680,13.507,5.954,,288,2.433,-886,-4.576,-50,5,,584,2.662,274,900,745
156,2021-11-02,02:00,20.129,20.307,19.688,13.363,5.960,,292,2.485,-820,-4.635,-50,5,,584,2.660,277,919,745
157,2021-11-02,02:10,20.175,20.248,19.688,13.286,5.960,,296,2.814,-848,-4.818,-49,5,,584,2.652,281,1.041,743
158,2021-11-02,02:20,20.022,20.187,19.688,13.217,5.954,,316,2.942,-845,-5.046,-50,5,,584,2.665,300,1.089,746
159,2021-11-02,02:30,19.929,20.126,19.688,13.105,5.952,,323,2.973,-846,-5.064,-50,5,,584,2.658,307,1.100,744
160,2021-11-02,02:40,19.761,20.065,19.688,12.974,5.954,,312,3.005,-854,-5.114,-50,5,,584,2.665,296,1.112,746
161,2021-11-02,02:50,19.725,20.003,19.688,13.038,5.955,,324,2.935,-867,-5.144,-50,5,,584,2.670,308,1.086,748
162,2021-11-02,03:00,19.726,19.940,19.495,13.312,5.956,,324,2.890,-912,-5.328,-50,5,,584,2.658,308,1.069,744
163,2021-11-02,03:10,19.916,19.883,19.495,13.488,5.951,,321,3.078,-872,-5.536,-50,5,,583,2.664,305,1.139,746
164,2021-11-02,03:20,19.884,19.840,19.495,13.523,5.950,,322,3.115,-898,-5.613,-50,4,,583,2.665,306,1.153,746
165,2021-11-02,03:30,19.836,19.809,19.495,13.453,5.955,,326,3.176,-917,-5.642,-50,5,,583,2.648,310,1.175,741
166,2021-11-02,03:40,19.704,19.791,19.495,13.373,5.956,,333,3.076,-899,-5.586,-50,5,,583,2.663,316,1.138,746
167,2021-11-02,03:50,19.869,19.787,19.495,13.347,5.955,,360,3.286,-879,-5.686,-50,5,,583,2.665,342,1.216,746
168,2021-11-02,04:00,19.920,19.795,19.638,13.359,5.952,,411,3.130,-954,-5.477,-50,5,,583,2.674,390,1.158,749
169,2021-11-02,04:10,19.973,19.815,19.638,13.298,5.956,,317,3.014,-1.009,-5.073,-50,5,,571,2.668,301,1.115,747
170,2021-11-02,04:20,19.935,19.846,19.638,13.207,5.952,,321,3.113,-1.000,-5.128,-50,5,,571,2.680,305,1.152,750
171,2021-11-02,04:30,19.988,19.887,19.638,13.092,5.953,,338,2.893,-999,-4.759,-50,4,,571,2.672,321,1.070,748
172,2021-11-02,04:40,20.155,19.940,19.638,12.985,5.948,,375,3.243,-996,-4.871,-49,5,,571,2.685,356,1.200,752
173,2021-11-02,04:50,20.154,20.003,19.638,12.955,5.950,,441,3.147,-994,-4.815,-50,4,,571,2.687,419,1.164,752
174,2021-11-02,05:00,20.075,20.077,20.558,12.634,5.955,,472,3.087,-637,-4.908,-50,5,,571,2.690,448,1.142,753
175,2021-11-02,05:10,20.416,20.192,20.558,12.431,5.953,,519,2.747,-576,-4.163,-50,5,,580,2.697,493,1.016,755
176,2021-11-02,05:20,20.720,20.377,20.558,12.430,5.959,,544,2.935,-577,-4.077,-50,5,,580,2.724,517,1.086,763
177,2021-11-02,05:30,21.008,20.633,20.558,12.345,5.953,,560,3.034,-581,-3.767,-50,4,,580,2.726,532,1.123,763
178,2021-11-02,05:40,21.082,20.960,20.558,12.315,5.952,,556,3.169,-567,-3.862,-49,5,,580,2.740,528,1.173,767
179,2021-11-02,05:50,21.093,21.357,20.558,12.214,5.946,,598,3.145,-361,-3.955,-50,5,,580,2.762,568,1.164,773
180,2021-11-02,06:00,21.647,21.826,23.592,12.086,5.955,,584,3.325,13,-3.823,-50,5,,580,2.777,555,1.230,778
181,2021-11-02,06:10,22.879,22.337,23.592,11.912,5.945,,611,3.540,587,-3.390,-50,4,,586,2.815,580,1.310,788
182,2021-11-02,06:20,22.743,22.863,23.592,12.027,5.953,,652,3.641,807,-4.011,-49,5,,586,2.826,619,1.347,791
183,2021-11-02,06:30,23.614,23.405,23.592,12.214,5.958,,676,3.945,944,-3.795,-49,4,,586,2.846,642,1.460,797
184,2021-11-02,06:40,23.807,23.962,23.592,12.127,5.951,,712,4.271,888,-3.814,-50,5,,586,2.862,676,1.580,801
185,2021-11-02,06:50,24.543,24.535,23.592,11.993,5.958,,727,4.749,1.081,-3.630,-50,5,,586,2.890,691,1.757,809
186,2021-11-02,07:00,25.146,25.124,26.853,11.898,5.950,,734,4.859,1.333,-3.299,-50,5,,586,2.911,697,1.798,815
187,2021-11-02,07:10,26.326,25.696,26.853,11.741,5.957,,758,4.883,1.729,-2.608,-50,5,,591,2.964,720,1.807,830
188,2021-11-02,07:20,26.619,26.219,26.853,11.632,5.952,,806,5.067,1.893,-2.596,-50,5,,591,2.982,766,1.875,835
189,2021-11-02,07:30,26.703,26.693,26.853,11.695,5.950,,825,5.089,2.183,-2.906,-49,6,,591,2.998,784,1.883,839
190,2021-11-02,07:40,27.009,27.119,26.853,11.669,5.959,,826,5.150,2.358,-2.825,-50,14,,591,3.021,785,1.906,846
191,2021-11-02,07:50,27.350,27.496,26.853,11.559,5.956,,823,5.327,2.509,-2.742,-50,36,,591,3.046,782,1.971,853
192,2021-11-02,08:00,27.539,27.825,28.411,11.479,5.952,,825,5.336,2.328,-2.359,-50,117,,591,3.064,784,1.974,858
193,2021-11-02,08:10,28.189,28.107,28.411,11.417,5.954,,823,5.293,2.349,-1.856,-50,249,,594,3.071,782,1.958,860
194,2021-11-02,08:20,28.414,28.346,28.411,11.304,5.958,,825,5.493,2.287,-1.898,-49,468,,594,3.071,784,2.032,860
195,2021-11-02,08:30,28.559,28.542,28.411,11.253,5.957,,826,5.527,2.286,-2.065,-50,798,,594,3.111,785,2.045,871
196,2021-11-02,08:40,28.638,28.693,28.411,11.148,5.952,,825,5.479,2.316,-2.237,-49,1.169,,594,3.114,784,2.027,872
197,2021-11-02,08:50,28.727,28.802,28.411,10.996,5.954,,825,5.463,2.077,-2.071,-50,1.506,,594,3.109,784,2.021,871
198,2021-11-02,09:00,28.786,28.867,29.099,11.041,5.957,,824,5.542,2.025,-2.461,-50,1.880,,594,3.133,783,2.051,877
199,2021-11-02,09:10,29.110,28.917,29.099,10.945,5.960,,824,5.904,1.944,-2.659,-50,2.176,,595,3.122,783,2.184,874
200,2021-11-02,09:20,29.088,28.980,29.099,10.858,5.955,,824,5.901,2.001,-3.019,-50,2.551,,595,3.105,783,2.183,869
201,2021-11-02,09:30,29.014,29.058,29.099,10.835,5.958,,825,5.752,1.949,-3.157,-50,2.835,,595,3.125,784,2.128,875
202,2021-11-02,09:40,29.048,29.150,29.099,10.915,5.954,,824,5.465,1.760,-3.128,-50,3.232,,595,3.127,783,2.022,876
203,2021-11-02,09:50,29.120,29.256,29.099,10.819,5.953,,824,5.425,1.816,-3.122,-50,3.358,,595,3.129,783,2.007,876
204,2021-11-02,10:00,29.047,29.376,29.108,10.837,5.952,,824,5.420,1.872,-3.396,-50,3.516,5,595,3.120,783,2.005,874
205,2021-11-02,10:10,29.340,29.485,29.108,10.861,5.955,,826,5.259,2.305,-3.680,-50,3.809,10,593,3.107,785,1.946,870
206,2021-11-02,10:20,29.312,29.559,29.108,10.856,5.957,,825,5.184,2.188,-3.695,-50,3.985,17,593,3.111,784,1.918,871
207,2021-11-02,10:30,29.241,29.597,29.108,10.972,5.952,,825,5.068,2.065,-3.845,-50,4.168,41,593,3.112,784,1.875,871
208,2021-11-02,10:40,29.346,29.599,29.108,11.080,5.960,,824,4.906,1.985,-3.666,-50,4.233,31,593,3.102,783,1.815,869
209,2021-11-02,10:50,29.363,29.566,29.108,11.097,5.959,,824,4.614,2.003,-3.614,-50,4.453,32,593,3.106,783,1.707,870
210,2021-11-02,11:00,29.383,29.497,29.517,11.072,5.953,,824,4.576,1.635,-3.036,-50,4.383,33,593,3.111,783,1.693,871
211,2021-11-02,11:10,29.355,29.425,29.517,11.154,5.954,,809,4.571,1.765,-3.292,-50,4.395,22,579,3.107,769,1.691,870
212,2021-11-02,11:20,29.296,29.382,29.517,11.349,5.956,,786,4.397,1.644,-3.420,-50,4.575,32,579,3.110,747,1.627,871
213,2021-11-02,11:30,29.390,29.368,29.517,11.541,5.954,,787,4.304,1.786,-3.459,-50,4.435,37,579,3.122,748,1.592,874
214,2021-11-02,11:40,29.343,29.383,29.517,11.523,5.955,,787,4.179,1.869,-3.430,-50,4.447,36,579,3.114,748,1.546,872
215,2021-11-02,11:50,29.519,29.427,29.517,11.744,5.955,,788,4.103,1.829,-3.431,-50,4.516,37,579,3.105,749,1.518,869
216,2021-11-02,12:00,29.401,29.501,29.995,11.818,5.958,,787,4.061,1.800,-3.514,-50,4.462,47,579,3.097,748,1.503,867
217,2021-11-02,12:10,29.616,29.584,29.995,12.061,5.954,,787,3.759,1.454,-3.104,-50,4.668,49,591,3.092,748,1.391,866
218,2021-11-02,12:20,29.780,29.659,29.995,12.147,5.955,,783,4.013,1.428,-3.112,-50,4.513,49,591,3.097,744,1.485,867
219,2021-11-02,12:30,29.835,29.724,29.995,12.325,5.957,,761,4.000,1.432,-3.010,-50,4.370,53,591,3.087,723,1.480,864
220,2021-11-02,12:40,29.872,29.780,29.995,12.388,5.958,,746,4.126,1.369,-3.177,-50,4.468,47,591,3.099,709,1.527,868
221,2021-11-02,12:50,29.865,29.827,29.995,12.511,5.955,,744,4.156,1.335,-3.122,-50,4.286,54,591,3.101,707,1.538,868
222,2021-11-02,13:00,30.029,29.866,30.059,12.682,5.952,,745,4.256,1.167,-3.007,-50,4.249,50,591,3.103,708,1.575,869
223,2021-11-02,13:10,29.921,29.891,30.059,12.706,5.956,,746,4.192,1.204,-3.245,-50,4.367,52,591,3.098,709,1.551,867
224,2021-11-02,13:20,30.280,29.899,30.059,12.641,5.953,,746,4.015,1.224,-2.797,-50,4.496,60,591,3.063,709,1.486,858
225,2021-11-02,13:30,30.238,29.891,30.059,12.551,5.959,,744,4.241,1.218,-3.015,-50,4.538,61,591,3.042,707,1.569,852
226,2021-11-02,13:40,30.103,29.867,30.059,12.520,5.954,,746,4.100,1.474,-3.014,-50,4.315,65,591,3.035,709,1.517,850
227,2021-11-02,13:50,30.108,29.826,30.059,12.448,5.951,,745,4.203,1.484,-2.972,-50,4.240,66,591,3.039,708,1.555,851
228,2021-11-02,14:00,29.859,29.768,29.467,12.371,5.956,,745,4.165,1.455,-2.994,-50,4.148,70,591,3.034,708,1.541,850
229,2021-11-02,14:10,29.623,29.694,29.467,12.366,5.955,,745,4.619,1.228,-3.019,-50,3.698,73,590,3.040,708,1.709,851
230,2021-11-02,14:20,29.795,29.605,29.467,12.253,5.954,,754,4.630,1.424,-2.714,-50,3.455,80,590,3.043,716,1.713,852
231,2021-11-02,14:30,29.626,29.499,29.467,12.174,5.951,,774,4.691,1.863,-3.230,-50,3.356,89,590,3.047,735,1.736,853
232,2021-11-02,14:40,29.643,29.378,29.467,12.072,5.957,,775,4.490,2.149,-3.021,-50,3.164,98,590,3.053,736,1.661,855
233,2021-11-02,14:50,29.343,29.242,29.467,11.928,5.951,,785,4.446,2.123,-3.045,-50,3.093,104,590,3.072,746,1.645,860
234,2021-11-02,15:00,29.094,29.089,28.688,11.965,5.954,,785,4.450,2.153,-3.135,-50,2.843,121,590,3.071,746,1.647,860
235,2021-11-02,15:10,29.238,28.946,28.688,11.926,5.955,,785,4.618,2.414,-3.380,-50,2.776,132,598,3.083,746,1.709,863
236,2021-11-02,15:20,29.217,28.838,28.688,11.892,5.958,,785,4.667,2.468,-3.379,-50,2.669,144,598,3.094,746,1.727,866
237,2021-11-02,15:30,29.131,28.766,28.688,11.726,5.956,,785,4.760,2.547,-3.245,-50,2.486,147,598,3.079,746,1.761,862
238,2021-11-02,15:40,29.117,28.728,28.688,11.688,5.957,,785,4.814,2.573,-3.241,-50,2.381,149,598,3.098,746,1.781,867
239,2021-11-02,15:50,29.040,28.726,28.688,11.821,5.958,,791,4.982,2.628,-3.212,-50,1.915,145,598,3.103,751,1.843,869
240,2021-11-02,16:00,28.730,28.759,28.647,11.852,5.956,,808,4.860,2.487,-3.116,-50,1.732,140,598,3.107,768,1.798,870
241,2021-11-02,16:10,28.729,28.797,28.647,11.704,5.960,,810,5.044,2.283,-2.724,-50,1.510,122,601,3.127,770,1.866,876
242,2021-11-02,16:20,28.701,28.809,28.647,11.444,5.952,,821,5.226,2.442,-2.604,-50,1.311,101,601,3.133,780,1.934,877
243,2021-11-02,16:30,28.726,28.795,28.647,11.383,5.951,,833,5.288,2.411,-2.397,-50,1.152,86,601,3.124,791,1.957,875
244,2021-11-02,16:40,28.677,28.756,28.647,11.225,5.958,,827,5.401,2.755,-2.615,-50,1.034,73,601,3.106,786,1.998,870
245,2021-11-02,16:50,28.550,28.690,28.647,11.171,5.957,,834,5.451,2.730,-2.526,-50,848,66,601,3.114,792,2.017,872
246,2021-11-02,17:00,28.746,28.599,28.849,11.113,5.955,,838,5.428,3.031,-2.498,-50,760,65,601,3.124,796,2.008,875
247,2021-11-02,17:10,28.713,28.542,28.849,11.147,5.959,,839,5.669,3.016,-2.636,-50,611,62,602,3.128,797,2.098,876
248,2021-11-02,17:20,28.764,28.578,28.849,11.274,5.953,,839,5.863,2.976,-2.674,-50,456,30,602,3.113,797,2.169,872
249,2021-11-02,17:30,28.761,28.709,28.849,11.360,5.954,,837,5.841,2.906,-2.564,-50,355,25,602,3.125,795,2.161,875
250,2021-11-02,17:40,28.813,28.933,28.849,11.465,5.954,,838,5.863,3.041,-2.604,-50,195,15,602,3.140,796,2.169,879
251,2021-11-02,17:50,28.995,29.250,28.849,11.595,5.954,,839,5.940,3.199,-2.692,-50,102,13,602,3.150,797,2.198,882
252,2021-11-02,18:00,29.176,29.663,29.985,11.770,5.954,,839,5.968,3.022,-2.503,-50,50,12,602,3.160,797,2.208,885
253,2021-11-02,18:10,29.495,30.088,29.985,11.918,5.959,,838,5.878,2.911,-2.108,-50,26,9,601,3.167,796,2.175,887
254,2021-11-02,18:20,29.873,30.448,29.985,12.091,5.951,,839,5.918,3.144,-2.162,-50,18,10,601,3.174,797,2.190,889
255,2021-11-02,18:30,30.186,30.741,29.985,12.214,5.960,,838,5.932,3.358,-2.209,-50,17,9,601,3.195,796,2.195,895
256,2021-11-02,18:40,30.573,30.967,29.985,12.151,5.955,,841,5.992,3.595,-2.053,-50,17,9,601,3.179,799,2.217,890
257,2021-11-02,18:50,30.635,31.128,29.985,12.183,5.955,,836,6.069,3.674,-2.173,-50,17,9,601,3.183,794,2.246,891
258,2021-11-02,19:00,30.709,31.222,30.675,12.156,5.954,,838,6.040,3.598,-1.968,-50,17,9,601,3.187,796,2.235,892
259,2021-11-02,19:10,30.934,31.271,30.675,12.362,5.956,,836,5.895,3.098,-1.321,-50,17,8,600,3.194,794,2.181,894
260,2021-11-02,19:20,30.925,31.295,30.675,12.472,5.957,,834,5.912,2.893,-1.250,-50,15,8,600,3.184,792,2.187,892
261,2021-11-02,19:30,31.179,31.293,30.675,12.507,5.952,,835,5.875,3.021,-1.119,-50,15,9,600,3.219,793,2.174,901
262,2021-11-02,19:40,31.246,31.267,30.675,12.455,5.966,,836,5.878,3.081,-1.097,-50,15,9,600,3.231,794,2.175,905
263,2021-11-02,19:50,31.413,31.215,30.675,12.496,5.955,,836,6.005,3.217,-1.186,-50,17,9,600,3.223,794,2.222,902
264,2021-11-02,20:00,31.506,31.138,31.222,12.389,5.956,,837,5.971,3.186,-940,-50,15,10,600,3.228,795,2.209,904
265,2021-11-02,20:10,31.579,31.046,31.222,12.195,5.954,,838,6.278,3.252,-989,-50,15,10,578,3.229,796,2.323,904
266,2021-11-02,20:20,31.384,30.946,31.222,12.119,5.960,,836,6.262,3.399,-1.244,-50,15,10,578,3.235,794,2.317,906
267,2021-11-02,20:30,31.125,30.839,31.222,12.125,5.956,,837,6.190,3.096,-1.130,-50,14,10,578,3.243,795,2.290,908
268,2021-11-02,20:40,31.074,30.725,31.222,12.256,5.957,,837,6.132,2.960,-1.119,-50,14,10,578,3.246,795,2.269,909
269,2021-11-02,20:50,31.195,30.604,31.222,12.273,5.955,,837,6.114,3.014,-1.047,-50,14,10,578,3.230,795,2.262,904
270,2021-11-02,21:00,31.075,30.475,30.295,12.098,5.956,,838,6.145,3.261,-1.272,-50,14,9,578,3.233,796,2.274,905
271,2021-11-02,21:10,30.811,30.318,30.295,11.722,5.959,,838,6.435,3.571,-1.798,-50,13,10,601,3.227,796,2.381,904
272,2021-11-02,21:20,30.643,30.107,30.295,11.617,5.962,,839,6.568,3.605,-2.034,-50,14,10,601,3.220,797,2.430,902
273,2021-11-02,21:30,30.308,29.842,30.295,11.730,5.956,,838,6.459,3.207,-1.940,-50,11,10,601,3.222,796,2.390,902
274,2021-11-02,21:40,29.665,29.523,30.295,11.772,5.956,,838,6.278,2.782,-2.052,-50,11,10,601,3.220,796,2.323,902
275,2021-11-02,21:50,29.083,29.150,30.295,11.858,5.961,,839,6.114,2.287,-2.060,-50,12,10,601,3.225,797,2.262,903
276,2021-11-02,22:00,28.537,28.723,27.554,11.657,5.957,,837,6.129,2.237,-2.362,-50,11,11,601,3.222,795,2.268,902
277,2021-11-02,22:10,28.274,28.275,27.554,11.479,5.954,,837,6.335,2.745,-3.144,-50,12,10,601,3.208,795,2.344,898
278,2021-11-02,22:20,27.917,27.837,27.554,11.308,5.961,,838,6.306,2.784,-3.335,-50,12,10,601,3.198,796,2.333,895
279,2021-11-02,22:30,27.555,27.409,27.554,11.197,5.956,,812,6.215,2.549,-3.229,-50,11,10,601,3.208,771,2.300,898
280,2021-11-02,22:40,26.949,26.992,27.554,10.771,5.955,,812,6.224,2.523,-3.392,-50,12,10,601,3.208,771,2.303,898
281,2021-11-02,22:50,26.551,26.586,27.554,10.391,5.950,,803,6.164,2.469,-3.281,-50,12,10,601,3.217,763,2.281,901
282,2021-11-02,23:00,25.928,26.189,25.539,10.197,5.954,,775,6.093,2.286,-3.460,-50,11,10,601,3.222,736,2.254,902
283,2021-11-02,23:10,25.919,25.814,25.539,10.014,5.949,,775,6.379,2.239,-3.478,-50,13,10,602,3.211,736,2.360,899
284,2021-11-02,23:20,25.448,25.471,25.539,10.183,5.951,,762,6.298,2.074,-3.857,-50,11,10,602,3.214,724,2.330,900
285,2021-11-02,23:30,25.351,25.161,25.539,10.032,5.952,,757,6.166,2.036,-3.709,-50,12,10,602,3.206,719,2.281,898
286,2021-11-02,23:40,24.921,24.884,25.539,9.924,5.952,,754,6.132,1.943,-3.821,-50,12,10,602,3.199,716,2.269,896
287,2021-11-02,23:50,24.650,24.638,25.539,9.759,5.950,,721,5.980,1.819,-3.617,-50,12,10,602,3.206,685,2.213,898
288,2021-11-01,00:00,22.043,22.182,21.584,11.787,5.943,,316,1.478,-240,-715,-50,4,10,582,2.614,300,547,732
289,2021-11-01,00:10,22.088,22.060,21.584,10.922,5.938,,324,1.460,-695,781,-50,4,10,609,2.554,308,540,715
290,2021-11-01,00:20,21.984,21.929,21.584,10.873,5.941,,316,1.528,-870,836,-49,4,10,609,2.541,300,565,711
291,2021-11-01,00:30,21.437,21.791,21.584,10.778,5.944,,330,1.506,-1.150,670,-50,4,10,609,2.550,314,557,714
292,2021-11-01,00:40,21.484,21.644,21.584,10.870,5.938,,326,1.418,-1.243,822,-50,4,10,609,2.553,310,525,715
293,2021-11-01,00:50,21.216,21.489,21.584,10.901,5.942,,293,1.452,-1.265,534,-50,4,10,609,2.549,278,537,714
294,2021-11-01,01:00,20.858,21.326,20.645,10.834,5.939,,275,1.589,-1.403,310,-50,4,10,609,2.530,261,588,708
295,2021-11-01,01:10,20.925,21.167,20.645,10.711,5.946,,306,1.660,-1.551,510,-50,4,10,609,2.541,291,614,711
296,2021-11-01,01:20,20.991,21.022,20.645,10.581,5.943,,292,2.000,-1.566,398,-50,4,10,609,2.542,277,740,712
297,2021-11-01,01:30,20.529,20.892,20.645,10.459,5.937,,295,2.063,-1.661,86,-50,4,10,609,2.540,280,763,711
298,2021-11-01,01:40,20.210,20.776,20.645,10.428,5.942,,274,1.805,-1.692,109,-50,4,10,609,2.531,260,668,709
299,2021-11-01,01:50,20.154,20.675,20.645,10.535,5.935,,270,1.713,-1.989,361,-50,4,10,609,2.529,257,634,708
300,2021-11-01,02:00,20.187,20.589,19.674,10.613,5.938,,266,1.691,-2.037,377,-57,4,10,609,2.523,253,626,706
301,2021-11-01,02:10,20.197,20.506,19.674,10.846,5.942,,270,1.670,-2.114,289,-68,4,10,607,2.530,257,618,708
302,2021-11-01,02:20,20.090,20.417,19.674,10.286,5.942,,287,1.927,-2.122,479,-78,4,10,607,2.526,273,713,707
303,2021-11-01,02:30,19.447,20.321,19.674,10.321,5.946,,263,1.664,-2.160,152,-88,4,10,607,2.517,250,616,705
304,2021-11-01,02:40,19.548,20.218,19.674,9.960,5.941,,287,1.780,-2.089,422,-98,4,10,607,2.528,273,659,708
305,2021-11-01,02:50,19.467,20.108,19.674,9.974,5.945,,278,1.823,-2.092,230,-100,4,10,607,2.531,264,675,709
306,2021-11-01,03:00,19.427,19.991,19.464,9.922,5.944,,293,2.001,-2.064,119,-100,4,10,607,2.538,278,740,711
307,2021-11-01,03:10,18.978,19.870,19.464,10.638,5.940,,290,1.986,-2.086,-1.023,-100,5,10,606,2.518,276,735,705
308,2021-11-01,03:20,19.207,19.748,19.464,10.593,5.945,,255,1.867,-2.055,-631,-100,5,10,606,2.525,242,691,707
309,2021-11-01,03:30,19.188,19.625,19.464,10.204,5.949,,253,1.873,-2.036,-289,-100,4,10,606,2.518,240,693,705
310,2021-11-01,03:40,19.141,19.501,19.464,10.106,5.943,,255,1.865,-2.019,-243,-100,4,10,606,2.522,242,690,706
311,2021-11-01,03:50,19.061,19.376,19.464,10.033,5.945,,255,1.843,-2.022,-225,-100,4,10,606,2.513,242,682,704
312,2021-11-01,04:00,18.912,19.250,19.010,9.760,5.945,,255,1.724,-2.085,80,-100,4,10,606,2.511,242,638,703
313,2021-11-01,04:10,19.260,19.142,19.010,9.435,5.951,,276,1.716,-2.096,762,-100,4,10,606,2.495,262,635,699
314,2021-11-01,04:20,19.110,19.073,19.010,9.580,5.943,,281,1.889,-2.103,305,-100,4,10,606,2.514,267,699,704
315,2021-11-01,04:30,18.961,19.042,19.010,9.677,5.938,,269,1.862,-2.098,99,-100,4,10,606,2.510,256,689,703
316,2021-11-01,04:40,19.418,19.049,19.010,9.594,5.945,,268,1.852,-2.087,601,-100,4,10,606,2.501,255,685,700
317,2021-11-01,04:50,19.251,19.095,19.010,9.454,5.948,,265,1.904,-2.098,565,-100,4,10,606,2.506,252,704,702
318,2021-11-01,05:00,19.181,19.180,19.065,9.485,5.943,,267,1.969,-2.105,407,-100,4,10,606,2.515,254,729,704
319,2021-11-01,05:10,19.218,19.285,19.065,9.554,5.941,,299,2.047,-1.893,1,-100,5,10,606,2.535,284,757,710
320,2021-11-01,05:20,19.220,19.394,19.065,9.539,5.947,,301,1.971,-1.832,37,-100,4,10,606,2.539,286,729,711
321,2021-11-01,05:30,19.283,19.506,19.065,9.504,5.938,,294,1.961,-1.747,65,-100,4,10,606,2.526,279,726,707
322,2021-11-01,05:40,19.329,19.622,19.065,9.518,5.940,,299,1.954,-1.743,92,-100,4,10,606,2.526,284,723,707
323,2021-11-01,05:50,19.274,19.742,19.065,9.528,5.944,,302,1.895,-1.550,-114,-100,4,10,606,2.541,287,701,711
324,2021-11-01,06:00,19.107,19.865,19.272,9.787,5.948,,299,1.836,-1.560,-503,-77,4,10,606,2.537,284,679,710
325,2021-11-01,06:10,19.497,19.975,19.272,9.770,5.945,,296,2.095,-1.453,-496,-50,4,10,607,2.563,281,775,718
326,2021-11-01,06:20,19.519,20.055,19.272,9.881,5.947,,292,2.156,-1.458,-640,-50,5,10,607,2.566,277,798,718
327,2021-11-01,06:30,19.802,20.105,19.272,9.976,5.946,,320,2.378,-1.453,-720,-50,4,10,607,2.562,304,880,717
328,2021-11-01,06:40,19.916,20.126,19.272,9.943,5.951,,307,2.535,-1.418,-743,-50,4,10,607,2.577,292,938,722
329,2021-11-01,06:50,19.737,20.116,19.272,10.034,5.949,,289,2.539,-1.389,-1.027,-50,4,10,607,2.562,275,939,717
330,2021-11-01,07:00,19.888,20.076,20.174,10.060,5.942,,287,2.507,-1.367,-881,-50,4,10,607,2.596,273,928,727
331,2021-11-01,07:10,20.138,20.025,20.174,10.357,5.949,,303,2.627,-1.111,-1.363,-49,5,10,613,2.607,288,972,730
332,2021-11-01,07:20,20.263,19.981,20.174,10.498,5.944,,288,2.700,-1.118,-1.423,-50,5,10,613,2.609,274,999,731
333,2021-11-01,07:30,20.148,19.946,20.174,11.274,5.945,,275,2.121,-1.239,-1.603,-50,5,10,613,2.579,261,785,722
334,2021-11-01,07:40,20.193,19.918,20.174,10.542,5.947,,290,2.356,-1.155,-1.163,-50,7,10,613,2.593,276,872,726
335,2021-11-01,07:50,20.171,19.898,20.174,10.479,5.950,,282,2.399,-924,-1.411,-50,26,10,613,2.588,268,888,725
336,2021-11-01,08:00,20.031,19.886,21.018,11.420,5.943,,281,2.241,-976,-2.326,-50,77,10,613,2.587,267,829,724
337,2021-11-01,08:10,20.522,19.918,21.018,11.685,5.946,,286,2.201,-487,-2.670,-50,176,10,616,2.603,272,814,729
338,2021-11-01,08:20,20.735,20.031,21.018,11.558,5.946,,284,2.406,-285,-2.867,-50,308,10,616,2.608,270,890,730
339,2021-11-01,08:30,20.913,20.224,21.018,11.420,5.940,,289,2.438,-288,-2.834,-49,561,10,616,2.607,275,902,730
340,2021-11-01,08:40,21.205,20.498,21.018,11.436,5.938,,290,2.406,-262,-2.816,-50,828,10,616,2.589,276,890,725
341,2021-11-01,08:50,21.563,20.853,21.018,11.429,5.942,,283,2.435,-72,-3.010,-50,1.170,10,616,2.596,269,901,727
342,2021-11-01,09:00,21.844,21.289,22.460,11.359,5.942,,298,2.568,29,-3.233,-50,1.495,10,616,2.609,283,950,731
343,2021-11-01,09:10,22.198,21.743,22.460,11.249,5.937,,312,3.045,738,-4.167,-50,1.738,10,619,2.610,296,1.127,731
344,2021-11-01,09:20,22.374,22.154,22.460,11.407,5.950,,287,2.697,795,-4.175,-50,2.023,10,619,2.604,273,998,729
345,2021-11-01,09:30,22.633,22.521,22.460,11.545,5.943,,289,2.387,1.007,-4.170,-50,2.264,10,619,2.594,275,883,726
346,2021-11-01,09:40,22.801,22.845,22.460,11.689,5.944,,289,2.141,946,-3.948,-50,2.383,10,619,2.599,275,792,728
347,2021-11-01,09:50,23.331,23.126,22.460,11.800,5.943,,291,1.982,1.128,-3.913,-50,2.709,10,619,2.603,276,733,729
348,2021-11-01,10:00,23.464,23.365,24.010,11.771,5.950,,311,1.931,1.310,-3.958,-50,2.759,10,619,2.602,295,714,729
349,2021-11-01,10:10,23.649,23.570,24.010,11.928,5.943,,308,1.668,1.092,-3.641,-50,2.919,16,617,2.598,293,617,727
350,2021-11-01,10:20,24.028,23.755,24.010,12.030,5.944,,308,1.406,1.099,-3.371,-50,3.176,20,617,2.604,293,520,729
351,2021-11-01,10:30,23.906,23.919,24.010,12.151,5.945,,333,1.363,1.064,-3.564,-50,3.177,20,617,2.609,316,504,731
352,2021-11-01,10:40,23.920,24.062,24.010,12.275,5.941,,331,1.181,879,-3.561,-50,3.468,19,617,2.601,314,437,728
353,2021-11-01,10:50,24.073,24.184,24.010,12.562,5.942,,317,1.206,549,-3.627,-50,3.705,20,617,2.593,301,446,726
354,2021-11-01,11:00,24.038,24.285,24.315,12.511,5.935,,311,1.241,137,-3.307,-50,3.837,20,617,2.597,295,459,727
355,2021-11-01,11:10,24.290,24.368,24.315,13.116,5.944,,314,1.270,-408,-3.362,-50,4.030,22,614,2.600,298,470,728
356,2021-11-01,11:20,24.271,24.436,24.315,13.240,5.939,,340,1.521,-743,-3.644,-50,4.236,17,614,2.591,323,563,725
357,2021-11-01,11:30,24.214,24.488,24.315,13.178,5.946,,365,1.455,-936,-3.504,-50,4.328,17,614,2.600,347,538,728
358,2021-11-01,11:40,24.370,24.526,24.315,13.287,5.937,,368,1.366,-818,-3.503,-50,4.348,19,614,2.600,350,505,728
359,2021-11-01,11:50,24.560,24.548,24.315,13.328,5.944,,365,1.296,-771,-3.580,-50,4.592,21,614,2.601,347,480,728
360,2021-11-01,12:00,24.504,24.554,24.425,13.399,5.942,,349,1.396,-819,-3.668,-50,4.510,24,614,2.603,332,517,729
361,2021-11-01,12:10,24.558,24.560,24.425,13.627,5.937,,357,1.540,-853,-4.069,-50,4.660,27,616,2.598,339,570,727
362,2021-11-01,12:20,24.590,24.579,24.425,13.710,5.939,,372,1.614,-885,-4.665,-50,5.126,30,616,2.607,353,597,730
363,2021-11-01,12:30,24.498,24.612,24.425,13.936,5.937,,355,1.424,-1.023,-4.473,-50,4.954,41,616,2.614,337,527,732
364,2021-11-01,12:40,24.561,24.657,24.425,14.194,5.941,,345,1.486,-1.027,-4.689,-50,4.909,52,616,2.605,328,550,729
365,2021-11-01,12:50,24.485,24.716,24.425,14.235,5.937,,361,1.393,-1.150,-4.696,-50,4.995,60,616,2.607,343,515,730
366,2021-11-01,13:00,24.611,24.788,25.047,14.246,5.935,,386,1.456,-1.218,-4.549,-50,4.928,76,616,2.616,367,539,732
367,2021-11-01,13:10,24.913,24.871,25.047,14.362,5.934,,405,1.495,-851,-5.119,-50,5.214,87,616,2.620,385,553,734
368,2021-11-01,13:20,25.040,24.964,25.047,14.556,5.942,,405,1.349,-823,-4.882,-50,5.050,98,616,2.622,385,499,734
369,2021-11-01,13:30,25.167,25.065,25.047,14.535,5.927,,405,1.466,-958,-4.889,-50,5.191,111,616,2.627,385,542,736
370,2021-11-01,13:40,25.094,25.175,25.047,14.633,5.936,,404,1.434,-972,-5.158,-50,5.340,123,616,2.626,384,531,735
371,2021-11-01,13:50,25.081,25.294,25.047,14.737,5.939,,404,1.312,-993,-4.936,-49,5.121,150,616,2.629,384,485,736
372,2021-11-01,14:00,25.372,25.423,24.939,14.800,5.935,,404,1.472,-944,-4.785,-50,4.960,169,616,2.628,384,545,736
373,2021-11-01,14:10,25.390,25.512,24.939,14.979,5.937,,395,1.688,-958,-5.267,-50,5.053,176,616,2.633,375,625,737
374,2021-11-01,14:20,25.225,25.512,24.939,15.183,5.939,,389,1.476,-997,-5.517,-50,5.197,169,616,2.631,370,546,737
375,2021-11-01,14:30,24.892,25.425,24.939,15.452,5.936,,380,1.340,-1.082,-5.917,-50,5.234,161,616,2.616,361,496,732
376,2021-11-01,14:40,24.669,25.249,24.939,15.311,5.949,,355,1.310,-1.094,-5.600,-50,4.920,160,616,2.617,337,485,733
377,2021-11-01,14:50,24.494,24.986,24.939,14.923,5.937,,357,1.257,-1.061,-5.381,-49,4.904,171,616,2.622,339,465,734
378,2021-11-01,15:00,23.946,24.633,23.568,15.108,5.935,,356,1.168,-1.112,-6.047,-50,4.977,175,616,2.612,338,432,731
379,2021-11-01,15:10,24.018,24.264,23.568,14.781,5.936,,330,1.178,-1.082,-5.383,-50,4.685,181,616,2.622,314,436,734
380,2021-11-01,15:20,23.664,23.950,23.568,13.586,5.944,,328,1.551,-914,-5.191,-49,4.777,189,616,2.656,312,574,744
381,2021-11-01,15:30,23.584,23.691,23.568,13.542,5.945,,328,1.688,-918,-5.063,-50,4.485,184,616,2.659,312,625,745
382,2021-11-01,15:40,23.459,23.486,23.568,13.437,5.939,,333,1.686,-772,-5.059,-50,4.328,174,616,2.645,316,624,741
383,2021-11-01,15:50,23.268,23.336,23.568,13.394,5.938,,330,1.798,-767,-5.139,-50,4.157,164,616,2.653,314,665,743
384,2021-11-01,16:00,23.331,23.241,22.995,13.186,5.942,,330,1.845,-339,-5.021,-50,3.822,149,616,2.644,314,683,740
385,2021-11-01,16:10,23.033,23.166,22.995,12.964,5.944,,302,1.396,253,-5.254,-50,3.873,138,617,2.645,287,517,741
386,2021-11-01,16:20,23.082,23.077,22.995,12.828,5.935,,303,1.375,484,-4.843,-50,3.470,123,617,2.653,288,509,743
387,2021-11-01,16:30,23.048,22.973,22.995,12.698,5.931,,302,1.840,629,-5.038,-50,3.164,104,617,2.663,287,681,746
388,2021-11-01,16:40,22.931,22.855,22.995,12.414,5.938,,331,2.148,668,-4.955,-50,2.867,103,617,2.674,314,795,749
389,2021-11-01,16:50,23.095,22.722,22.995,12.666,5.934,,343,2.353,691,-4.812,-50,2.400,103,617,2.683,326,871,751
390,2021-11-01,17:00,22.673,22.575,23.083,12.986,5.950,,322,2.107,626,-4.884,-50,2.051,98,617,2.706,306,780,758
391,2021-11-01,17:10,23.192,22.488,23.083,13.220,5.945,,308,1.677,864,-4.246,-50,1.614,94,628,2.761,293,620,773
392,2021-11-01,17:20,23.053,22.540,23.083,12.925,5.946,,332,1.825,1.210,-4.197,-50,1.250,101,628,2.778,315,675,778
393,2021-11-01,17:30,23.039,22.728,23.083,12.728,5.939,,329,1.967,1.311,-3.889,-50,923,104,628,2.783,313,728,779
394,2021-11-01,17:40,23.069,23.054,23.083,12.568,5.944,,328,2.524,1.400,-4.009,-50,557,98,628,2.804,312,934,785
395,2021-11-01,17:50,22.939,23.517,23.083,12.748,5.945,,347,2.695,1.667,-4.599,50,287,88,628,2.805,330,997,785
396,2021-11-01,18:00,23.289,24.119,24.668,12.841,5.951,,361,2.686,1.827,-4.235,-50,137,64,628,2.806,343,994,786
397,2021-11-01,18:10,24.069,24.731,24.668,13.011,5.953,,330,2.085,1.981,-3.129,-49,46,45,635,2.810,314,771,787
398,2021-11-01,18:20,24.583,25.228,24.668,12.993,5.947,,350,1.927,2.529,-2.961,-50,14,30,635,2.800,333,713,784
399,2021-11-01,18:30,25.032,25.611,24.668,13.279,5.944,,355,2.011,2.972,-3.294,-50,9,10,635,2.815,337,744,788
400,2021-11-01,18:40,25.552,25.879,24.668,13.428,5.948,,360,2.104,3.218,-3.270,-50,8,10,635,2.812,342,778,787
401,2021-11-01,18:50,25.322,26.033,24.668,13.296,5.943,,365,2.093,3.293,-3.431,-50,8,10,635,2.819,347,774,789
402,2021-11-01,19:00,25.778,26.073,26.145,13.181,5.953,,369,2.165,3.513,-3.146,-49,7,9,623,2.813,351,801,788
403,2021-11-01,19:10,26.042,26.067,26.145,13.318,5.945,,377,2.320,3.524,-3.187,-50,7,9,618,2.830,358,858,792
404,2021-11-01,19:20,26.116,26.087,26.145,13.322,5.955,,385,2.383,3.605,-3.291,-50,6,8,618,2.827,366,882,792
405,2021-11-01,19:30,26.437,26.132,26.145,13.360,5.949,,392,2.432,3.746,-3.187,-49,7,8,618,2.838,372,900,795
406,2021-11-01,19:40,26.146,26.203,26.145,13.429,5.948,,374,2.413,3.615,-3.377,-50,7,8,618,2.821,355,893,790
407,2021-11-01,19:50,26.360,26.299,26.145,13.516,5.950,,378,2.414,3.553,-3.196,-50,7,9,618,2.825,359,893,791
408,2021-11-01,20:00,26.471,26.420,26.726,13.611,5.951,,373,2.262,2.913,-2.373,-50,7,9,618,2.837,354,837,794
409,2021-11-01,20:10,26.337,26.536,26.726,13.777,5.948,,359,2.053,2.158,-1.539,-49,6,9,594,2.837,341,760,794
410,2021-11-01,20:20,26.740,26.615,26.726,13.831,5.950,,377,2.063,2.344,-1.461,-50,6,9,594,2.838,358,763,795
411,2021-11-01,20:30,26.646,26.658,26.726,13.926,5.950,,359,2.007,2.290,-1.521,-50,6,9,594,2.839,341,743,795
412,2021-11-01,20:40,26.673,26.665,26.726,14.029,5.950,,359,1.884,2.099,-1.284,-50,6,9,594,2.839,341,697,795
413,2021-11-01,20:50,26.636,26.635,26.726,14.185,5.951,,347,1.858,1.982,-1.323,-50,6,10,594,2.848,330,687,797
414,2021-11-01,21:00,26.355,26.567,26.279,14.177,5.945,,344,1.849,1.892,-1.487,-49,4,10,594,2.847,327,684,797
415,2021-11-01,21:10,26.623,26.477,26.279,14.290,5.952,,353,2.015,2.071,-1.694,-50,5,10,594,2.840,335,746,795
416,2021-11-01,21:20,26.387,26.373,26.279,14.329,5.950,,355,2.046,2.064,-1.993,-49,4,10,594,2.844,337,757,796
417,2021-11-01,21:30,26.171,26.256,26.279,14.389,5.954,,334,1.863,1.779,-1.782,-50,4,9,594,2.837,317,689,794
418,2021-11-01,21:40,25.978,26.125,26.279,14.369,5.951,,347,1.838,1.596,-1.745,-50,5,9,594,2.837,330,680,794
419,2021-11-01,21:50,25.566,25.981,26.279,14.476,5.944,,324,1.587,1.382,-1.782,-50,5,10,594,2.843,308,587,796
420,2021-11-01,22:00,25.164,25.823,25.003,14.519,5.954,,310,1.586,1.396,-2.235,-50,5,10,594,2.846,295,587,797
421,2021-11-01,22:10,24.875,25.630,25.003,14.506,5.947,,321,1.808,1.808,-3.154,-50,5,10,587,2.849,305,669,798
422,2021-11-01,22:20,24.821,25.379,25.003,14.450,5.953,,320,1.816,1.862,-3.219,-50,5,10,587,2.869,304,672,803
423,2021-11-01,22:30,24.352,25.070,25.003,14.418,5.952,,320,1.675,1.583,-3.236,-50,5,10,587,2.865,304,620,802
424,2021-11-01,22:40,24.084,24.703,25.003,14.429,5.945,,317,1.566,1.397,-3.237,-50,5,9,587,2.855,301,579,799
425,2021-11-01,22:50,23.928,24.279,25.003,14.548,5.947,,304,1.480,1.364,-3.352,-50,5,9,587,2.861,289,548,801
426,2021-11-01,23:00,23.650,23.795,22.643,14.518,5.956,,313,1.604,1.269,-3.720,-50,5,10,587,2.866,297,593,802
427,2021-11-01,23:10,23.246,23.327,22.643,14.475,5.953,,335,2.005,1.252,-4.391,-50,5,9,582,2.855,318,742,799
428,2021-11-01,23:20,23.246,22.945,22.643,14.485,5.947,,332,2.137,1.365,-4.637,-49,5,9,582,2.846,315,791,797
429,2021-11-01,23:30,22.864,22.649,22.643,14.482,5.948,,336,1.988,1.103,-4.657,-50,5,10,582,2.843,319,736,796
430,2021-11-01,23:40,22.415,22.440,22.643,14.390,5.951,,336,2.030,695,-4.603,-50,5,8,582,2.829,319,751,792
431,2021-11-01,23:50,22.399,22.317,22.643,14.454,5.955,,337,2.268,368,-4.587,-50,5,7,582,2.838,320,839,795
432,2021-10-31,00:00,23.031,23.041,22.324,9.293,5.947,,954,2.154,1.501,-492,-49,4,10,632,2.670,906,797,748
433,2021-10-31,00:10,22.890,22.875,22.324,9.406,5.939,,901,2.250,1.184,-429,-50,4,10,617,2.671,856,833,748
434,2021-10-31,00:20,22.561,22.693,22.324,9.478,5.942,,850,2.267,972,-588,-50,4,9,617,2.659,808,839,745
435,2021-10-31,00:30,22.498,22.493,22.324,9.562,5.945,,809,2.222,995,-687,-50,4,10,617,2.658,769,822,744
436,2021-10-31,00:40,22.168,22.277,22.324,9.791,5.942,,772,1.822,915,-715,-49,4,10,617,2.667,733,674,747
437,2021-10-31,00:50,22.134,22.043,22.324,10.062,5.945,,633,1.478,691,-313,-50,4,10,617,2.640,601,547,739
438,2021-10-31,01:00,21.752,21.792,20.935,10.058,5.945,,541,1.463,358,-211,-50,4,10,617,2.628,514,541,736
439,2021-10-31,01:10,21.382,21.534,20.935,10.061,5.935,,524,1.894,-141,-320,-50,4,10,616,2.551,498,701,714
440,2021-10-31,01:20,21.548,21.278,20.935,10.047,5.943,,515,2.220,-755,108,-50,4,9,616,2.545,489,821,713
441,2021-10-31,01:30,21.327,21.023,20.935,9.974,5.937,,495,2.311,-599,-176,-49,4,9,616,2.547,470,855,713
442,2021-10-31,01:40,20.840,20.770,20.935,10.037,5.939,,573,2.119,-739,-518,-50,4,10,616,2.528,544,784,708
443,2021-10-31,01:50,20.741,20.519,20.935,9.903,5.944,,581,1.844,-726,-238,-50,4,9,616,2.527,552,682,708
444,2021-10-31,2A:00,20.754,20.269,20.033,9.914,5.946,,598,1.854,-897,-60,-50,4,10,616,2.507,568,686,702
445,2021-10-31,2A:10,20.617,20.044,20.033,10.008,5.947,,577,1.867,-1.765,586,-50,4,10,614,2.502,548,691,701
446,2021-10-31,2A:20,20.523,19.868,20.033,10.089,5.940,,575,1.910,-1.915,527,-50,4,10,614,2.489,546,707,697
447,2021-10-31,2A:30,20.129,19.739,20.033,10.269,5.943,,560,1.657,-2.087,389,-50,3,10,614,2.477,532,613,694
448,2021-10-31,2A:40,20.034,19.658,20.033,10.199,5.939,,522,1.480,-2.178,671,-50,4,10,614,2.476,496,548,693
449,2021-10-31,2A:50,19.871,19.625,20.033,10.197,5.941,,554,1.501,-2.115,394,-50,4,10,614,2.474,526,555,693
450,2021-10-31,2B:00,20.070,19.639,19.656,10.275,5.943,,536,1.582,-2.073,408,-50,4,10,614,2.483,509,585,695
451,2021-10-31,2B:10,19.820,19.665,19.656,10.349,5.948,,531,1.852,-1.919,-328,-50,4,10,612,2.486,504,685,696
452,2021-10-31,2B:20,19.928,19.666,19.656,10.418,5.948,,531,1.860,-1.908,-309,-50,4,10,612,2.483,504,688,695
453,2021-10-31,2B:30,19.610,19.641,19.656,10.551,5.943,,532,1.628,-2.019,-412,-50,4,10,612,2.488,505,602,697
454,2021-10-31,2B:40,19.824,19.590,19.656,10.653,5.945,,529,1.586,-2.045,-230,-50,4,10,612,2.488,503,587,697
455,2021-10-31,2B:50,19.715,19.515,19.656,10.931,5.942,,535,1.428,-2.053,-455,-50,4,10,612,2.497,508,528,699
456,2021-10-31,03:00,19.620,19.413,19.043,10.876,5.944,,538,1.527,-2.149,-496,-50,4,10,612,2.502,511,565,701
457,2021-10-31,03:10,19.683,19.307,19.043,10.889,5.940,,536,1.901,-1.967,-970,-50,3,10,610,2.496,509,703,699
458,2021-10-31,03:20,19.644,19.216,19.043,10.874,5.942,,531,1.509,-2.247,-326,-49,4,10,610,2.477,504,558,694
459,2021-10-31,03:30,19.256,19.142,19.043,10.539,5.944,,522,1.535,-2.204,-442,-50,4,10,610,2.484,496,568,696
460,2021-10-31,03:40,19.446,19.083,19.043,10.738,5.935,,527,1.563,-2.253,-425,-50,4,10,610,2.486,501,578,696
461,2021-10-31,03:50,19.313,19.040,19.043,10.627,5.941,,527,1.576,-2.307,-412,-49,4,10,610,2.484,501,583,696
462,2021-10-31,04:00,19.159,19.013,18.390,10.102,5.940,,523,1.527,-2.201,-92,-50,4,9,610,2.486,497,565,696
463,2021-10-31,04:10,19.080,18.995,18.390,11.489,5.948,,522,1.387,-2.536,-1.077,-50,4,10,608,2.465,496,513,690
464,2021-10-31,04:20,19.117,18.979,18.390,11.228,5.941,,505,1.379,-2.526,-756,-50,4,10,608,2.468,480,510,691
465,2021-10-31,04:30,19.160,18.965,18.390,10.669,5.941,,492,1.399,-2.399,-288,-50,4,9,608,2.455,467,518,687
466,2021-10-31,04:40,18.957,18.954,18.390,10.750,5.938,,485,1.457,-2.368,-653,-50,4,10,608,2.429,461,539,680
467,2021-10-31,04:50,19.234,18.944,18.390,10.849,5.938,,464,1.454,-2.434,-384,-50,4,9,608,2.414,441,538,676
468,2021-10-31,05:00,19.091,18.937,18.711,11.206,5.943,,454,1.400,-2.566,-701,-50,4,9,608,2.421,431,518,678
469,2021-10-31,05:10,18.991,18.940,18.711,11.851,5.934,,447,1.401,-2.494,-1.521,-49,4,9,607,2.420,425,518,678
470,2021-10-31,05:20,19.334,18.961,18.711,11.921,5.940,,444,1.391,-2.513,-1.198,-50,4,9,607,2.433,422,515,681
471,2021-10-31,05:30,19.321,19.000,18.711,11.838,5.944,,453,1.389,-2.517,-1.114,-50,4,10,607,2.433,430,514,681
472,2021-10-31,05:40,19.368,19.058,18.711,11.955,5.941,,448,1.391,-2.532,-1.184,-50,4,9,607,2.422,426,515,678
473,2021-10-31,05:50,19.464,19.133,18.711,11.867,5.939,,448,1.389,-2.497,-1.030,-50,4,9,607,2.424,426,514,679
474,2021-10-31,06:00,19.276,19.227,18.858,11.848,5.941,,451,1.437,-2.416,-1.333,-50,3,9,607,2.431,428,532,681
475,2021-10-31,06:10,19.672,19.326,18.858,12.000,5.940,,450,1.474,-2.413,-1.117,-50,3,9,605,2.440,428,545,683
476,2021-10-31,06:20,19.543,19.416,18.858,12.022,5.941,,459,1.494,-2.369,-1.344,-50,4,10,605,2.441,436,553,683
477,2021-10-31,06:30,19.895,19.498,18.858,12.252,5.938,,451,1.521,-2.337,-1.269,-50,4,10,605,2.452,428,563,687
478,2021-10-31,06:40,19.562,19.571,18.858,12.343,5.944,,466,1.522,-2.361,-1.691,-50,3,10,605,2.454,443,563,687
479,2021-10-31,06:50,19.918,19.636,18.858,12.304,5.936,,460,1.476,-2.357,-1.262,-50,4,10,605,2.445,437,546,685
480,2021-10-31,07:00,20.000,19.692,19.739,12.702,5.938,,460,1.399,-2.497,-1.342,-50,4,10,605,2.448,437,518,685
481,2021-10-31,07:10,20.500,19.758,19.739,12.645,5.945,,464,1.455,-2.395,-1.009,-50,6,10,604,2.456,441,538,688
482,2021-10-31,07:20,20.461,19.849,19.739,12.755,5.945,,470,1.498,-2.283,-1.279,-50,4,10,604,2.463,447,554,690
483,2021-10-31,07:30,20.301,19.967,19.739,12.640,5.939,,469,1.551,-2.261,-1.392,-50,5,10,604,2.464,446,574,690
484,2021-10-31,07:40,20.233,20.111,19.739,12.280,5.941,,477,1.639,-2.261,-1.207,-49,8,10,604,2.460,453,606,689
485,2021-10-31,07:50,20.258,20.281,19.739,12.356,5.942,,485,1.700,-2.294,-1.312,-50,27,10,604,2.451,461,629,686
486,2021-10-31,08:00,20.289,20.479,21.436,12.900,5.943,,490,1.558,-2.447,-1.588,-50,82,10,604,2.462,466,576,689
487,2021-10-31,08:10,20.662,20.700,21.436,12.953,5.939,,367,1.511,-2.271,-1.344,-50,153,10,607,2.479,349,559,694
488,2021-10-31,08:20,20.961,20.943,21.436,12.996,5.935,,382,1.520,-2.190,-1.296,-50,234,10,607,2.440,363,562,683
489,2021-10-31,08:30,21.491,21.207,21.436,13.047,5.939,,385,1.651,-2.148,-1.144,-50,352,10,607,2.450,366,611,686
490,2021-10-31,08:40,21.466,21.494,21.436,13.159,5.936,,388,1.725,-2.153,-1.516,-49,570,10,607,2.459,369,638,689
491,2021-10-31,08:50,22.024,21.802,21.436,13.037,5.941,,385,1.755,-2.182,-1.015,-50,843,10,607,2.451,366,649,686
492,2021-10-31,09:00,21.878,22.133,23.183,13.632,5.940,,376,1.748,-2.274,-1.844,-50,946,10,607,2.468,357,647,691
493,2021-10-31,09:10,22.664,22.456,23.183,13.758,5.933,,386,1.584,-2.032,-1.515,-49,1.207,10,608,2.483,367,586,695
494,2021-10-31,09:20,23.058,22.742,23.183,13.978,5.943,,397,1.619,-1.809,-1.771,-50,1.361,10,608,2.485,377,599,696
495,2021-10-31,09:30,22.940,22.991,23.183,13.853,5.940,,392,1.598,-1.846,-2.016,-50,1.708,10,608,2.480,372,591,694
496,2021-10-31,09:40,23.251,23.204,23.183,13.886,5.939,,377,1.485,-1.917,-1.820,-49,1.959,10,608,2.477,358,549,694
497,2021-10-31,09:50,23.313,23.380,23.183,13.844,5.938,,381,1.511,-1.899,-1.808,-50,1.991,10,608,2.481,362,559,695
498,2021-10-31,10:00,23.463,23.520,23.739,13.972,5.939,,404,1.281,-1.920,-2.012,-50,2.466,10,608,2.477,384,474,694
499,2021-10-31,10:10,23.675,23.641,23.739,14.143,5.939,,353,1.058,-1.950,-1.916,-50,2.714,10,610,2.485,335,391,696
500,2021-10-31,10:20,23.902,23.760,23.739,14.081,5.945,,335,952,-2.033,-1.355,-50,2.641,10,610,2.471,318,352,692
501,2021-10-31,10:30,24.258,23.878,23.739,13.999,5.940,,350,963,-2.017,-1.415,-50,3.118,10,610,2.499,333,356,700
502,2021-10-31,10:40,24.404,23.995,23.739,13.953,5.939,,316,861,-2.033,-1.438,-50,3.521,10,610,2.517,300,319,705
503,2021-10-31,10:50,24.440,24.111,23.739,13.630,5.943,,315,804,-1.966,-1.144,-49,3.502,13,610,2.502,299,297,701
504,2021-10-31,11:00,24.190,24.225,24.006,13.585,5.941,,346,894,-1.954,-1.507,-50,3.542,17,610,2.502,329,331,701
505,2021-10-31,11:10,24.383,24.327,24.006,13.711,5.933,,346,875,-2.092,-1.409,-50,3.679,23,615,2.496,329,324,699
506,2021-10-31,11:20,24.436,24.404,24.006,13.924,5.941,,346,991,-2.051,-1.437,-50,3.376,28,615,2.508,329,367,702
507,2021-10-31,11:30,24.653,24.457,24.006,13.897,5.938,,373,1.131,-2.079,-1.497,-50,3.537,35,615,2.496,354,418,699
508,2021-10-31,11:40,24.426,24.486,24.006,13.825,5.940,,375,975,-2.120,-1.649,-49,3.748,42,615,2.498,356,361,699
509,2021-10-31,11:50,24.594,24.490,24.006,13.909,5.941,,391,989,-2.073,-1.731,-50,3.798,51,615,2.501,371,366,700
510,2021-10-31,12:00,24.628,24.470,24.504,14.066,5.943,,392,1.084,-2.078,-1.833,-50,3.683,52,615,2.493,372,401,698
511,2021-10-31,12:10,24.869,24.455,24.504,14.552,5.941,,413,1.261,-1.999,-2.674,-50,3.979,53,614,2.492,392,467,698
512,2021-10-31,12:20,24.441,24.474,24.504,14.496,5.942,,410,1.232,-2.047,-2.724,-50,3.753,53,614,2.496,390,456,699
513,2021-10-31,12:30,24.450,24.527,24.504,14.462,5.935,,410,1.251,-2.018,-2.741,-50,3.763,62,614,2.469,390,463,691
514,2021-10-31,12:40,24.969,24.614,24.504,14.603,5.936,,414,1.331,-2.002,-2.453,-50,3.752,62,614,2.480,393,492,694
515,2021-10-31,12:50,24.748,24.735,24.504,14.859,5.939,,400,1.204,-2.037,-2.662,-50,3.663,57,614,2.484,380,445,696
516,2021-10-31,13:00,24.768,24.891,24.896,15.229,5.933,,392,1.058,-1.988,-2.980,-50,3.743,56,614,2.472,372,391,692
517,2021-10-31,13:10,25.190,25.045,24.896,15.324,5.941,,389,1.006,-1.758,-2.752,-50,3.615,46,617,2.490,370,372,697
518,2021-10-31,13:20,25.050,25.164,24.896,15.418,5.934,,370,932,-1.785,-2.893,-50,3.671,43,617,2.477,352,345,694
519,2021-10-31,13:30,25.389,25.248,24.896,15.328,5.939,,378,1.105,-1.759,-2.487,-50,3.611,45,617,2.501,359,409,700
520,2021-10-31,13:40,25.295,25.297,24.896,15.315,5.940,,376,1.209,-1.711,-2.770,-49,3.534,40,617,2.513,357,447,704
521,2021-10-31,13:50,25.486,25.310,24.896,15.177,5.931,,379,1.139,-1.716,-2.326,-50,3.541,36,617,2.510,360,421,703
522,2021-10-31,14:00,25.415,25.288,24.382,15.164,5.935,,397,1.303,-1.698,-2.485,-50,3.440,34,617,2.514,377,482,704
523,2021-10-31,14:10,25.410,25.228,24.382,15.358,5.927,,403,1.482,-1.671,-2.957,-50,3.520,33,617,2.514,383,548,704
524,2021-10-31,14:20,25.156,25.125,24.382,15.415,5.933,,424,1.251,-1.743,-3.033,-50,3.560,32,617,2.506,403,463,702
525,2021-10-31,14:30,24.857,24.979,24.382,15.405,5.935,,428,1.217,-1.729,-3.155,-50,3.400,39,617,2.523,407,450,706
526,2021-10-31,14:40,24.541,24.792,24.382,15.306,5.932,,415,902,-1.711,-3.038,-50,3.364,54,617,2.517,394,334,705
527,2021-10-31,14:50,24.508,24.562,24.382,15.085,5.931,,427,974,-1.687,-3.003,-50,3.401,61,617,2.518,406,360,705
528,2021-10-31,15:00,24.060,24.289,23.216,14.445,5.929,,450,1.071,-1.643,-2.756,-49,3.154,55,617,2.522,428,396,706
529,2021-10-31,15:10,24.020,24.013,23.216,14.431,5.932,,459,1.147,-1.621,-2.619,-50,3.000,52,613,2.525,436,424,707
530,2021-10-31,15:20,23.697,23.773,23.216,14.597,5.937,,460,1.189,-1.688,-3.033,-50,2.885,51,613,2.525,437,440,707
531,2021-10-31,15:30,23.980,23.568,23.216,14.618,5.926,,460,1.192,-1.628,-2.598,-50,2.683,49,613,2.528,437,441,708
532,2021-10-31,15:40,23.230,23.399,23.216,14.452,5.934,,461,1.152,-1.629,-2.948,-50,2.493,54,613,2.517,438,426,705
533,2021-10-31,15:50,23.385,23.266,23.216,14.341,5.936,,459,1.427,-1.578,-2.567,-50,2.015,52,613,2.524,436,528,707
534,2021-10-31,16:00,23.157,23.168,22.589,13.857,5.933,,441,1.634,-1.561,-2.398,-50,1.918,55,613,2.527,419,605,708
535,2021-10-31,16:10,23.457,23.091,22.589,13.936,5.932,,427,1.369,-1.441,-2.062,-50,1.937,59,612,2.524,406,507,707
536,2021-10-31,16:20,23.145,23.017,22.589,13.841,5.933,,425,1.273,-1.350,-1.945,-50,1.609,58,612,2.533,404,471,709
537,2021-10-31,16:30,23.043,22.947,22.589,13.728,5.936,,423,1.378,-1.283,-1.923,-50,1.454,55,612,2.533,402,510,709
538,2021-10-31,16:40,22.927,22.882,22.589,13.579,5.934,,419,1.371,-1.278,-1.681,-50,1.233,52,612,2.531,398,507,709
539,2021-10-31,16:50,22.974,22.821,22.589,13.465,5.930,,420,1.337,-851,-1.792,-49,1.114,48,612,2.523,399,495,706
540,2021-10-31,17:00,23.054,22.763,23.011,13.335,5.937,,419,1.372,-609,-1.681,-50,928,53,612,2.519,398,508,705
541,2021-10-31,17:10,23.059,22.743,23.011,13.191,5.937,,400,1.450,-338,-1.631,-49,658,59,613,2.541,380,537,711
542,2021-10-31,17:20,23.242,22.792,23.011,13.052,5.938,,400,1.439,346,-1.921,-50,597,59,613,2.548,380,532,713
543,2021-10-31,17:30,23.049,22.910,23.011,12.993,5.932,,393,1.275,497,-1.856,-49,404,50,613,2.551,373,472,714
544,2021-10-31,17:40,23.082,23.098,23.011,12.864,5.951,,393,1.348,639,-1.770,-49,281,42,613,2.549,373,499,714
545,2021-10-31,17:50,23.268,23.355,23.011,13.121,5.939,,375,1.551,875,-2.127,-49,173,26,613,2.557,356,574,716
546,2021-10-31,18:00,23.728,23.683,24.434,13.371,5.939,,376,1.483,1.328,-2.200,-50,87,11,613,2.575,357,549,721
547,2021-10-31,18:10,23.919,24.037,24.434,13.394,5.942,,374,1.203,2.047,-2.498,-49,30,11,613,2.576,355,445,721
548,2021-10-31,18:20,24.424,24.379,24.434,13.313,5.935,,371,1.124,2.397,-2.152,-50,11,11,613,2.584,352,416,724
549,2021-10-31,18:30,24.627,24.707,24.434,13.629,5.947,,371,1.241,2.572,-2.568,-50,9,10,613,2.583,352,459,723
550,2021-10-31,18:40,24.988,25.022,24.434,13.829,5.941,,371,1.226,2.552,-2.365,-49,9,9,613,2.572,352,454,720
551,2021-10-31,18:50,24.895,25.323,24.434,13.723,5.941,,370,1.257,2.576,-2.441,-50,8,9,613,2.577,352,465,722
552,2021-10-31,19:00,24.983,25.612,25.580,13.383,5.937,,346,1.254,2.428,-1.768,-50,8,9,613,2.580,329,464,722
553,2021-10-31,19:10,25.187,25.856,25.580,13.411,5.932,,343,1.001,1.792,-823,-50,7,9,626,2.572,326,370,720
554,2021-10-31,19:20,25.511,26.024,25.580,13.404,5.935,,343,983,1.756,-419,-50,7,9,626,2.576,326,364,721
555,2021-10-31,19:30,25.388,26.116,25.580,13.399,5.937,,342,1.002,1.659,-462,-50,7,10,626,2.606,325,371,730
556,2021-10-31,19:40,25.494,26.133,25.580,13.256,5.939,,313,1.056,1.805,-385,-50,7,9,626,2.592,297,391,726
557,2021-10-31,19:50,25.137,26.074,25.580,13.191,5.940,,311,1.020,1.702,-538,-50,7,10,626,2.622,295,377,734
558,2021-10-31,20:00,25.336,25.939,25.477,13.246,5.929,,306,1.026,1.530,-229,-50,7,9,626,2.633,291,380,737
559,2021-10-31,20:10,25.430,25.785,25.477,13.441,5.943,,304,1.145,1.210,-232,-50,6,10,625,2.668,289,424,747
560,2021-10-31,20:20,25.577,25.670,25.477,13.523,5.941,,316,1.105,1.088,7,-50,6,10,625,2.657,300,409,744
561,2021-10-31,20:30,25.757,25.594,25.477,13.656,5.941,,318,1.085,1.160,-29,-50,6,10,625,2.672,302,401,748
562,2021-10-31,20:40,25.515,25.556,25.477,13.586,5.933,,318,1.083,1.136,-160,-50,6,10,625,2.674,302,401,749
563,2021-10-31,20:50,25.495,25.556,25.477,13.677,5.940,,317,991,795,155,-50,6,10,625,2.677,301,367,750
564,2021-10-31,21:00,25.646,25.594,25.255,13.607,5.940,,318,1.032,950,180,-49,4,10,625,2.689,302,382,753
565,2021-10-31,21:10,25.414,25.625,25.255,13.505,5.939,,320,1.085,795,194,-50,4,9,624,2.699,304,401,756
566,2021-10-31,21:20,25.476,25.596,25.255,13.465,5.939,,317,1.062,755,364,-50,4,9,624,2.692,301,393,754
567,2021-10-31,21:30,25.252,25.506,25.255,13.483,5.940,,317,1.003,613,322,-50,4,9,624,2.697,301,371,755
568,2021-10-31,21:40,25.150,25.355,25.255,13.520,5.932,,291,1.002,251,579,-50,4,9,624,2.691,276,371,753
569,2021-10-31,21:50,24.916,25.143,25.255,13.414,5.936,,312,1.043,177,470,-50,4,10,624,2.685,296,386,752
570,2021-10-31,22:00,24.612,24.870,23.971,13.287,5.941,,314,1.065,349,80,-50,4,10,624,2.672,298,394,748
571,2021-10-31,22:10,24.764,24.573,23.971,13.384,5.939,,313,1.280,852,-554,-50,4,10,623,2.647,297,474,741
572,2021-10-31,22:20,24.370,24.287,23.971,13.436,5.942,,324,1.167,599,-646,-50,4,10,623,2.644,308,432,740
573,2021-10-31,22:30,24.086,24.012,23.971,13.435,5.936,,325,1.132,485,-767,-50,4,10,623,2.637,309,419,738
574,2021-10-31,22:40,23.873,23.747,23.971,13.160,5.935,,326,1.138,406,-610,-50,4,10,623,2.661,310,421,745
575,2021-10-31,22:50,23.522,23.493,23.971,13.135,5.934,,328,1.106,279,-760,-50,4,10,623,2.659,312,409,745
576,2021-10-30,00:00,24.389,24.960,24.308,12.226,5.944,,1.072,2.107,642,-1.716,-50,35,10,603,3.078,1.018,780,862
577,2021-10-30,00:10,24.538,24.926,24.308,12.361,5.936,,1.062,2.044,470,-1.038,-50,35,10,619,2.853,1.009,756,799
578,2021-10-30,00:20,24.781,24.837,24.308,12.649,5.949,,1.092,2.173,431,-1.215,-50,35,10,619,2.789,1.037,804,781
579,2021-10-30,00:30,24.481,24.691,24.308,12.723,5.938,,1.044,1.990,310,-1.227,-50,35,10,619,2.793,992,736,782
580,2021-10-30,00:40,24.456,24.489,24.308,12.958,5.939,,1.079,1.822,198,-1.278,-50,35,10,619,2.774,1.025,674,777
581,2021-10-30,00:50,24.125,24.231,24.308,13.165,5.934,,1.029,1.682,16,-1.367,-50,35,10,619,2.772,978,622,776
582,2021-10-30,01:00,23.877,23.917,23.113,13.193,5.952,,983,1.585,-442,-1.096,-50,35,10,619,2.764,934,586,774
583,2021-10-30,01:10,23.840,23.594,23.113,13.458,5.940,,984,1.597,-709,-1.081,-49,35,10,617,2.738,935,591,767
584,2021-10-30,01:20,23.425,23.310,23.113,13.722,5.937,,952,1.590,-1.035,-1.390,-50,36,10,617,2.741,904,588,767
585,2021-10-30,01:30,23.306,23.065,23.113,13.916,5.949,,946,1.250,-1.258,-1.147,-50,35,10,617,2.705,899,463,757
586,2021-10-30,01:40,23.200,22.858,23.113,14.048,5.941,,934,1.178,-1.261,-1.290,-50,35,10,617,2.678,887,436,750
587,2021-10-30,01:50,22.767,22.690,23.113,14.220,5.940,,893,1.108,-1.400,-1.642,-50,35,10,617,2.694,848,410,754
588,2021-10-30,02:00,22.586,22.560,22.287,14.308,5.938,,835,1.091,-1.802,-1.428,-50,35,8,617,2.692,793,404,754
589,2021-10-30,02:10,22.469,22.448,22.287,14.394,5.939,,817,1.061,-2.146,-1.202,-50,35,11,615,2.663,776,393,746
590,2021-10-30,02:20,22.580,22.332,22.287,14.388,5.944,,819,1.253,-2.409,-966,-50,35,6,615,2.672,778,464,748
591,2021-10-30,02:30,22.213,22.212,22.287,14.321,5.939,,814,1.314,-2.474,-1.302,-50,35,6,615,2.683,773,486,751
592,2021-10-30,02:40,22.032,22.089,22.287,14.530,5.941,,809,1.265,-2.483,-1.633,-50,35,8,615,2.680,769,468,750
593,2021-10-30,02:50,22.054,21.962,22.287,14.632,5.947,,792,1.053,-2.482,-1.489,-50,35,7,615,2.659,752,390,745
594,2021-10-30,03:00,21.868,21.831,21.420,14.539,5.944,,777,1.130,-2.465,-1.661,-50,35,9,615,2.657,738,418,744
595,2021-10-30,03:10,21.895,21.709,21.420,14.830,5.945,,781,1.348,-2.178,-2.436,-50,36,9,615,2.659,742,499,745
596,2021-10-30,03:20,21.809,21.611,21.420,14.759,5.944,,766,1.230,-2.103,-2.393,-49,36,9,615,2.653,728,455,743
597,2021-10-30,03:30,21.904,21.536,21.420,14.481,5.940,,757,1.239,-2.110,-2.008,-50,36,10,615,2.673,719,458,748
598,2021-10-30,03:40,21.880,21.484,21.420,14.587,5.944,,729,1.227,-2.039,-2.176,-49,36,10,615,2.676,693,454,749
599,2021-10-30,03:50,21.722,21.455,21.420,14.605,5.945,,737,1.237,-2.198,-2.231,-50,36,10,615,2.671,700,458,748
600,2021-10-30,04:00,21.497,21.449,21.131,14.429,5.939,,723,1.316,-2.129,-2.387,-50,36,10,615,2.673,687,487,748
601,2021-10-30,04:10,21.276,21.446,21.131,14.430,5.938,,768,1.724,-1.995,-3.167,-50,36,9,607,2.657,730,638,744
602,2021-10-30,04:20,21.397,21.429,21.131,14.476,5.947,,789,1.788,-1.992,-3.186,-50,36,10,607,2.655,750,662,743
603,2021-10-30,04:30,21.363,21.396,21.131,14.384,5.938,,766,1.757,-1.931,-3.140,-50,35,10,607,2.641,728,650,739
604,2021-10-30,04:40,21.428,21.347,21.131,14.490,5.942,,762,1.696,-1.971,-3.064,-50,35,10,607,2.643,724,628,740
605,2021-10-30,04:50,21.280,21.283,21.131,14.472,5.937,,781,1.684,-2.031,-3.137,-50,35,10,607,2.655,742,623,743
606,2021-10-30,05:00,21.358,21.204,21.150,14.466,5.938,,801,1.583,-2.045,-2.960,-50,35,10,607,2.647,761,586,741
607,2021-10-30,05:10,21.429,21.130,21.150,14.525,5.943,,765,1.539,-1.948,-2.987,-49,35,10,619,2.650,727,569,742
608,2021-10-30,05:20,21.379,21.085,21.150,14.511,5.942,,768,1.589,-1.951,-3.108,-50,35,10,619,2.649,730,588,742
609,2021-10-30,05:30,21.208,21.067,21.150,14.631,5.935,,768,1.440,-1.939,-3.217,-50,35,10,619,2.647,730,533,741
610,2021-10-30,05:40,21.212,21.077,21.150,14.650,5.940,,766,1.435,-1.986,-3.184,-50,35,10,619,2.653,728,531,743
611,2021-10-30,05:50,21.048,21.114,21.150,14.948,5.942,,766,1.440,-2.058,-3.624,-50,35,10,619,2.640,728,533,739
612,2021-10-30,06:00,21.210,21.180,21.620,14.877,5.937,,739,1.435,-2.216,-3.080,-50,35,10,619,2.667,702,531,747
613,2021-10-30,06:10,21.631,21.277,21.620,14.550,5.940,,727,1.340,-2.090,-2.414,-50,35,10,620,2.662,691,496,745
614,2021-10-30,06:20,21.859,21.410,21.620,14.459,5.938,,706,1.588,-1.892,-2.531,-50,35,10,620,2.661,671,588,745
615,2021-10-30,06:30,21.997,21.579,21.620,14.487,5.939,,704,1.743,-1.740,-2.728,-50,35,10,620,2.653,669,645,743
616,2021-10-30,06:40,21.974,21.784,21.620,14.497,5.937,,699,1.812,-1.707,-2.856,-50,35,10,620,2.674,664,670,749
617,2021-10-30,06:50,22.101,22.025,21.620,14.460,5.942,,701,1.786,-1.629,-2.753,-50,35,10,620,2.687,666,661,752
618,2021-10-30,07:00,22.320,22.302,22.654,14.314,5.937,,721,1.877,-1.453,-2.679,-50,35,10,620,2.682,685,694,751
619,2021-10-30,07:10,22.678,22.585,22.654,14.376,5.937,,777,1.690,-354,-3.433,-50,36,10,628,2.684,738,625,752
620,2021-10-30,07:20,23.097,22.845,22.654,14.230,5.932,,838,1.595,-104,-3.085,-49,35,10,628,2.695,796,590,755
621,2021-10-30,07:30,23.044,23.082,22.654,14.383,5.942,,876,1.741,-137,-3.440,-50,35,10,628,2.726,832,644,763
622,2021-10-30,07:40,23.301,23.296,22.654,14.399,5.942,,879,1.757,-91,-3.273,-50,36,10,628,2.740,835,650,767
623,2021-10-30,07:50,23.341,23.486,22.654,14.289,5.943,,880,1.866,107,-3.433,-50,36,10,628,2.690,836,690,753
624,2021-10-30,08:00,23.816,23.654,24.084,14.083,5.943,,886,2.037,95,-2.917,-50,36,10,628,2.683,842,754,751
625,2021-10-30,08:10,24.199,23.821,24.084,13.723,5.947,,940,1.664,741,-2.542,-50,36,10,629,2.651,893,616,742
626,2021-10-30,08:20,24.521,24.014,24.084,13.843,5.935,,952,1.774,882,-2.592,-50,36,10,629,2.681,904,656,751
627,2021-10-30,08:30,24.303,24.231,24.084,13.665,5.939,,989,1.854,878,-2.747,-50,36,10,629,2.676,940,686,749
628,2021-10-30,08:40,24.594,24.473,24.084,13.581,5.940,,1.008,1.996,939,-2.597,-50,37,10,629,2.694,958,739,754
629,2021-10-30,08:50,24.603,24.740,24.084,13.535,5.947,,1.067,1.894,925,-2.466,-50,8,10,629,2.703,1.014,701,757
630,2021-10-30,09:00,24.825,25.032,26.151,13.474,5.944,,1.109,1.982,1.225,-2.559,-50,15,10,629,2.702,1.054,733,757
631,2021-10-30,09:10,25.442,25.330,26.151,13.329,5.945,,1.118,1.657,1.110,-1.543,-50,41,10,636,2.728,1.062,613,764
632,2021-10-30,09:20,25.612,25.618,26.151,13.221,5.933,,1.095,1.566,1.098,-1.178,-53,105,10,636,2.771,1.040,579,776
633,2021-10-30,09:30,25.460,25.895,26.151,13.251,5.938,,1.117,1.497,1.090,-1.362,-49,154,10,636,2.784,1.061,554,780
634,2021-10-30,09:40,26.092,26.162,26.151,13.109,5.935,,1.097,1.555,1.282,-916,-50,236,10,636,2.774,1.042,575,777
635,2021-10-30,09:50,26.615,26.418,26.151,12.945,5.939,,1.104,1.781,1.580,-851,-50,316,10,636,2.789,1.049,659,781
636,2021-10-30,10:00,26.776,26.664,27.034,12.790,5.948,,1.105,1.963,1.783,-1.021,-50,435,10,636,2.783,1.050,726,779
637,2021-10-30,10:10,27.115,26.887,27.034,12.720,5.944,,1.121,2.012,1.890,-835,-50,525,10,637,2.783,1.065,744,779
638,2021-10-30,10:20,27.194,27.076,27.034,12.460,5.942,,1.136,2.111,1.981,-787,-50,612,10,637,2.803,1.079,781,785
639,2021-10-30,10:30,27.251,27.230,27.034,12.229,5.941,,1.109,2.237,2.022,-679,-50,665,10,637,2.801,1.054,828,784
640,2021-10-30,10:40,27.560,27.350,27.034,12.200,5.946,,1.124,2.280,2.077,-741,-50,937,10,637,2.790,1.068,844,781
641,2021-10-30,10:50,27.625,27.435,27.034,11.971,5.939,,1.102,2.336,2.140,-634,-50,1.033,10,637,2.778,1.047,864,778
642,2021-10-30,11:00,27.513,27.486,27.536,11.726,5.939,,1.111,2.424,2.138,-573,-50,1.008,10,637,2.778,1.055,897,778
643,2021-10-30,11:10,27.825,27.517,27.536,11.278,5.939,,1.093,2.836,2.469,-738,-50,1.219,10,636,2.778,1.038,1.049,778
644,2021-10-30,11:20,27.448,27.540,27.536,11.149,5.950,,1.106,2.694,2.422,-1.010,-50,1.406,10,636,2.768,1.051,997,775
645,2021-10-30,11:30,27.688,27.556,27.536,11.081,5.945,,1.090,2.895,2.494,-905,-50,1.358,10,636,2.767,1.036,1.071,775
646,2021-10-30,11:40,27.573,27.565,27.536,11.072,5.944,,1.094,2.870,2.410,-1.001,-50,1.454,10,636,2.766,1.039,1.062,774
647,2021-10-30,11:50,27.418,27.568,27.536,10.916,5.936,,1.099,2.788,2.349,-1.050,-50,1.662,10,636,2.755,1.044,1.032,771
648,2021-10-30,12:00,27.578,27.563,28.228,10.761,5.936,,1.110,2.910,2.381,-932,-50,1.632,10,636,2.764,1.055,1.077,774
649,2021-10-30,12:10,27.776,27.562,28.228,10.614,5.948,,1.138,3.245,2.460,-983,-50,1.636,10,650,2.743,1.081,1.201,768
650,2021-10-30,12:20,27.903,27.576,28.228,10.523,5.943,,1.147,3.267,2.507,-1.034,-50,1.832,10,650,2.761,1.090,1.209,773
651,2021-10-30,12:30,27.708,27.604,28.228,10.472,5.943,,1.147,3.160,2.398,-1.123,-50,1.986,10,650,2.747,1.090,1.169,769
652,2021-10-30,12:40,27.836,27.648,28.228,10.446,5.937,,1.151,3.111,2.379,-1.037,-50,2.132,10,650,2.755,1.093,1.151,771
653,2021-10-30,12:50,27.904,27.706,28.228,10.268,5.934,,1.151,3.129,2.526,-1.125,-50,2.303,10,650,2.771,1.093,1.158,776
654,2021-10-30,13:00,27.921,27.779,27.892,10.164,5.932,,1.146,2.951,2.368,-854,-50,2.496,10,650,2.770,1.089,1.092,776
655,2021-10-30,13:10,28.064,27.846,27.892,10.142,5.936,,1.150,2.770,2.081,-383,-50,2.665,10,646,2.735,1.093,1.025,766
656,2021-10-30,13:20,27.803,27.888,27.892,10.110,5.940,,1.155,2.685,2.136,-576,-50,2.677,10,646,2.737,1.097,993,766
657,2021-10-30,13:30,28.188,27.904,27.892,10.255,5.940,,1.150,2.704,2.241,-372,-50,2.593,10,646,2.739,1.093,1.000,767
658,2021-10-30,13:40,28.078,27.895,27.892,10.306,5.940,,1.159,2.754,2.177,-507,-50,2.585,10,646,2.730,1.101,1.019,764
659,2021-10-30,13:50,27.880,27.860,27.892,10.361,5.944,,1.153,2.698,1.995,-521,-50,2.576,10,646,2.728,1.095,998,764
660,2021-10-30,14:00,27.705,27.799,27.407,10.467,5.941,,1.192,2.657,1.906,-718,-50,2.583,10,646,2.729,1.132,983,764
661,2021-10-30,14:10,27.779,27.706,27.407,10.594,5.940,,1.160,2.501,1.734,-474,-50,2.638,10,639,2.687,1.102,925,752
662,2021-10-30,14:20,27.545,27.576,27.407,10.413,5.949,,1.159,2.424,1.823,-515,-50,2.607,10,639,2.712,1.101,897,759
663,2021-10-30,14:30,27.263,27.406,27.407,10.340,5.944,,1.165,2.356,1.804,-650,-50,2.618,10,639,2.736,1.107,872,766
664,2021-10-30,14:40,27.113,27.199,27.407,10.347,5.939,,1.158,2.285,1.894,-653,-50,2.459,10,639,2.739,1.100,845,767
665,2021-10-30,14:50,26.841,26.953,27.407,10.359,5.939,,1.164,2.229,1.838,-713,-50,2.340,10,639,2.726,1.106,825,763
666,2021-10-30,15:00,26.353,26.668,25.992,10.381,5.946,,1.152,2.195,1.920,-1.136,-50,2.225,10,639,2.722,1.094,812,762
667,2021-10-30,15:10,26.190,26.375,25.992,10.241,5.945,,1.153,2.572,2.166,-1.571,-50,2.057,10,643,2.709,1.095,952,759
668,2021-10-30,15:20,26.033,26.103,25.992,10.051,5.937,,1.153,2.704,2.403,-1.813,-50,1.970,10,643,2.697,1.095,1.000,755
669,2021-10-30,15:30,25.677,25.853,25.992,9.965,5.937,,1.156,2.631,2.327,-1.879,-50,1.912,10,643,2.696,1.098,973,755
670,2021-10-30,15:40,25.297,25.624,25.992,9.989,5.939,,1.155,2.442,2.281,-1.984,-50,1.894,10,643,2.692,1.097,904,754
671,2021-10-30,15:50,25.105,25.416,25.992,9.878,5.934,,1.151,2.333,2.402,-2.043,-50,1.822,10,643,2.692,1.093,863,754
672,2021-10-30,16:00,25.096,25.229,24.932,9.829,5.942,,1.156,2.383,2.595,-2.093,-50,1.654,10,643,2.676,1.098,882,749
673,2021-10-30,16:10,25.200,25.067,24.932,9.749,5.941,,1.146,2.645,2.775,-2.373,-50,1.637,10,652,2.726,1.089,979,763
674,2021-10-30,16:20,25.012,24.933,24.932,9.666,5.934,,1.115,2.826,2.830,-2.414,-50,1.348,10,652,2.728,1.059,1.046,764
675,2021-10-30,16:30,24.817,24.828,24.932,9.814,5.931,,1.109,2.734,2.701,-2.506,-50,1.353,10,652,2.713,1.054,1.012,760
676,2021-10-30,16:40,24.805,24.751,24.932,9.815,5.935,,1.091,2.583,2.676,-2.423,-50,1.447,10,652,2.706,1.036,956,758
677,2021-10-30,16:50,24.674,24.703,24.932,9.886,5.939,,1.036,2.602,2.734,-2.527,-50,1.323,10,652,2.708,984,963,758
678,2021-10-30,17:00,24.646,24.682,24.605,9.772,5.942,,1.052,2.828,2.499,-2.332,-50,1.203,10,652,2.715,999,1.046,760
679,2021-10-30,17:10,24.730,24.671,24.605,9.725,5.944,,1.053,3.015,1.918,-1.741,-50,1.064,10,658,2.749,1.000,1.116,770
680,2021-10-30,17:20,24.687,24.647,24.605,9.610,5.942,,1.044,3.144,1.940,-1.660,-50,916,10,658,2.756,992,1.163,772
681,2021-10-30,17:30,24.393,24.612,24.605,9.518,5.940,,1.052,3.188,1.999,-1.940,-50,885,10,658,2.759,999,1.180,773
682,2021-10-30,17:40,24.181,24.565,24.605,9.352,5.942,,1.072,3.110,1.954,-1.854,-50,830,10,658,2.761,1.018,1.151,773
683,2021-10-30,17:50,24.357,24.507,24.605,9.194,5.935,,1.078,3.521,2.264,-2.058,-50,670,10,658,2.778,1.024,1.303,778
684,2021-10-30,18:00,24.491,24.437,24.480,9.032,5.937,,1.077,3.628,2.481,-1.959,-50,543,10,658,2.783,1.023,1.342,779
685,2021-10-30,18:10,24.392,24.395,24.480,8.985,5.936,,1.082,3.298,2.694,-1.824,-50,434,10,659,2.779,1.028,1.220,778
686,2021-10-30,18:20,24.340,24.421,24.480,8.716,5.943,,1.085,3.281,2.981,-1.790,-50,340,10,659,2.795,1.031,1.214,783
687,2021-10-30,18:30,24.502,24.515,24.480,8.703,5.941,,1.080,3.401,3.323,-1.963,-50,231,10,659,2.797,1.026,1.258,783
688,2021-10-30,18:40,24.494,24.677,24.480,8.642,5.937,,1.078,3.403,3.322,-1.843,-50,139,16,659,2.800,1.024,1.259,784
689,2021-10-30,18:50,24.837,24.908,24.480,8.659,5.943,,1.093,3.587,3.507,-1.808,-50,64,15,659,2.804,1.038,1.327,785
690,2021-10-30,19:00,24.725,25.207,25.811,8.630,5.933,,1.124,3.349,3.296,-1.426,-50,29,14,659,2.805,1.068,1.239,785
691,2021-10-30,19:10,25.179,25.531,25.811,8.631,5.931,,1.136,2.782,2.723,155,-49,16,10,658,2.766,1.079,1.029,774
692,2021-10-30,19:20,25.603,25.838,25.811,8.712,5.940,,1.128,2.722,2.861,415,-50,7,10,658,2.798,1.072,1.007,783
693,2021-10-30,19:30,25.939,26.129,25.811,8.768,5.932,,1.130,2.819,3.083,410,-49,5,10,658,2.797,1.074,1.043,783
694,2021-10-30,19:40,26.627,26.402,25.811,8.770,5.941,,1.119,2.868,3.283,873,-50,5,9,658,2.785,1.063,1.061,780
695,2021-10-30,19:50,26.902,26.658,25.811,8.827,5.936,,1.106,2.934,3.503,788,-50,5,9,658,2.777,1.051,1.086,778
696,2021-10-30,20:00,26.994,26.898,27.454,8.869,5.945,,1.085,2.791,3.347,1.147,-50,4,10,658,2.794,1.031,1.033,782
697,2021-10-30,20:10,26.993,27.106,27.454,8.769,5.938,,1.084,2.288,2.703,2.491,-50,4,10,631,2.787,1.030,847,780
698,2021-10-30,20:20,27.003,27.270,27.454,8.629,5.944,,1.088,2.149,2.905,2.504,-50,4,10,631,2.793,1.034,795,782
699,2021-10-30,20:30,27.313,27.390,27.454,8.552,5.937,,1.093,2.165,3.066,2.716,-50,4,10,631,2.785,1.038,801,780
700,2021-10-30,20:40,27.363,27.465,27.454,8.500,5.940,,1.086,2.243,3.174,2.637,-50,4,9,631,2.787,1.032,830,780
701,2021-10-30,20:50,27.373,27.496,27.454,8.577,5.944,,1.081,2.293,3.285,2.462,-50,4,9,631,2.791,1.027,848,781
702,2021-10-30,21:00,27.656,27.478,27.251,8.675,5.943,,1.081,2.275,3.410,2.487,-50,4,10,631,2.793,1.027,842,782
703,2021-10-30,21:10,27.369,27.417,27.251,8.591,5.944,,1.085,2.262,3.572,2.162,-50,4,10,641,2.807,1.031,837,786
704,2021-10-30,21:20,27.401,27.305,27.251,8.414,5.940,,1.084,2.238,3.706,2.240,-50,3,10,641,2.808,1.030,828,786
705,2021-10-30,21:30,27.129,27.142,27.251,8.391,5.943,,1.085,2.086,3.514,2.301,-50,4,10,641,2.801,1.031,772,784
706,2021-10-30,21:40,26.810,26.927,27.251,8.408,5.941,,1.085,2.105,3.370,2.118,-50,4,10,641,2.806,1.031,779,786
707,2021-10-30,21:50,26.735,26.661,27.251,8.312,5.940,,1.102,2.046,3.175,2.400,-50,4,10,641,2.801,1.047,757,784
708,2021-10-30,22:00,26.539,26.342,25.379,8.491,5.947,,1.109,2.130,3.611,1.392,-50,4,10,641,2.789,1.054,788,781
709,2021-10-30,22:10,25.831,26.002,25.379,8.550,5.939,,1.135,2.681,3.574,252,-50,4,10,637,2.763,1.078,992,774
710,2021-10-30,22:20,25.826,25.669,25.379,8.536,5.946,,1.084,2.715,3.275,569,-50,4,10,637,2.754,1.030,1.005,771
711,2021-10-30,22:30,25.387,25.344,25.379,8.543,5.941,,1.035,2.842,3.029,343,-50,4,10,637,2.747,983,1.052,769
712,2021-10-30,22:40,25.044,25.026,25.379,8.704,5.938,,1.016,2.723,2.931,33,-50,4,10,637,2.751,965,1.008,770
713,2021-10-30,22:50,24.834,24.715,25.379,8.853,5.942,,1.016,2.598,2.581,129,-50,4,10,637,2.746,965,961,769
714,2021-10-30,23:00,24.709,24.411,23.866,8.838,5.941,,1.017,2.716,2.470,27,-50,4,10,637,2.744,966,1.005,768
715,2021-10-30,23:10,24.403,24.123,23.866,8.930,5.945,,1.030,2.720,2.529,-424,-50,4,10,632,2.714,979,1.006,760
716,2021-10-30,23:20,24.041,23.859,23.866,9.139,5.947,,1.003,2.612,2.329,-662,-50,4,10,632,2.687,953,966,752
717,2021-10-30,23:30,23.656,23.619,23.866,9.219,5.942,,997,2.388,2.177,-739,-50,4,10,632,2.694,947,884,754
718,2021-10-30,23:40,23.615,23.403,23.866,9.312,5.947,,999,2.285,1.973,-573,-50,4,10,632,2.691,949,845,753
719,2021-10-30,23:50,23.254,23.210,23.866,9.200,5.935,,980,2.241,1.713,-493,-50,4,10,632,2.684,931,829,752
